customer_id,first_name,last_name,date_of_birth,email,contact_number
01HQBJPYJAXAXX1F2EW5EQNM19,Isahella,Addekin,03/02/1996,iaddekin0@oakley.com,+44 381 105 8280
01HQBJPYJB9SFB7MFP2FH4TA72,Alfy,Garshore,18/08/1993,agarshore1@google.co.jp,+44 552 503 2736
01HQBJPYJC6MKXY069DPK47NBX,Dari,Heindrick,14/01/2005,dheindrick2@hostgator.com,+44 894 647 6933
01HQBJPYJC4E0GDCPX7Y8A2SK6,Rebecca,Jaynes,15/04/1961,rjaynes3@phpbb.com,+44 509 520 0120
01HQBJPYJDC1BSD27PS6VAVFHX,Jules,Cremen,15/09/1968,jcremen4@nbcnews.com,+44 870 929 0163
01HQBJPYJD9HN8EGCABWMZ9TBC,Chris,Peddowe,30/12/1977,cpeddowe5@soup.io,+44 641 690 6665
01HQBJPYJEKRYC7DVJA3WY45WR,Opalina,Messum,28/04/2003,omessum6@smh.com.au,+44 128 595 6067
01HQBJPYJFX9A5TT5SB2NPY3AF,Anet,Duns,05/04/1987,aduns7@cnn.com,+44 489 300 7319
01HQBJPYJFSVSZRKMYVM78D4XV,Domingo,Dadge,07/02/1974,ddadge8@newyorker.com,+44 612 301 3759
01HQBJPYJGGJRZKMK398PEGPR0,Lilias,Guidetti,15/04/1980,lguidetti9@cisco.com,+44 209 432 3642
01HQBJPYJHQ1WT6D7K4VXGJYWP,Ruy,Strafen,15/04/1991,rstrafena@umn.edu,+44 835 181 0436
01HQBJPYJJK6R97H7J069MG0C9,Matty,Wallbank,21/05/1971,mwallbankb@utexas.edu,+44 295 407 1823
01HQBJPYJK2Z6KA38SJ87Y42YT,Steve,Housbey,01/02/1996,shousbeyc@liveinternet.ru,+44 177 316 4766
01HQBJPYJKMBXHPCGB5WTG14W1,Blair,Ryce,02/05/1967,bryced@taobao.com,+44 162 358 6596
01HQBJPYJMHS6AQZK1Y1TJZPX1,Alex,Vearncomb,22/11/1992,avearncombe@instagram.com,+44 933 592 4355
01HQBJPYJMT86G4JMP51VM858B,Sibylle,Reckless,05/12/2001,srecklessf@icio.us,+44 240 911 1435
01HQBJPYJNBJH1Z46SSA2Q3SDB,Dorian,Foston,23/09/2003,dfostong@epa.gov,+44 826 982 4375
01HQBJPYJP1R6TC8ZAXJTS46YF,Doloritas,Dulling,08/09/1972,ddullingh@sbwire.com,+44 953 489 3309
01HQBJPYJP7ZQHSXK5ZJQQM6KX,Marlyn,Heine,26/11/1999,mheinei@behance.net,+44 136 782 1776
01HQBJPYJQPXZ1KTY1FR1B3H6R,Nike,Caines,02/10/1960,ncainesj@amazonaws.com,+44 969 554 7495
01HQBJPYJR8602DWX6AX9DW8CX,Bethany,Cheake,09/09/1993,bcheakek@people.com.cn,+44 232 548 6439
01HQBJPYJRDYF99XVC3D7ZA7WF,Malory,Murdy,26/05/1964,mmurdyl@goo.ne.jp,+44 350 888 8716
01HQBJPYJSQ4Q0QG294H0H3TTV,Adriano,Nowill,07/12/1979,anowillm@indiatimes.com,+44 787 927 2967
01HQBJPYJTDYJSJBNRMP0WJ2XZ,Howard,Odger,10/07/1970,hodgern@hud.gov,+44 910 251 7189
01HQBJPYJV9EH7HP6RBRDVAPF7,Wilmette,Canedo,28/12/1981,wcanedoo@twitpic.com,+44 837 511 1049
01HQBJPYJVRNK00YCJPZKCK1GE,Corby,Arenson,14/04/1960,carensonp@tinypic.com,+44 751 720 8432
01HQBJPYJWW5M3H245MNX25T08,Stacie,Jewel,08/09/1998,sjewelq@sogou.com,+44 973 954 0626
01HQBJPYJXAYRWT8DNHE0H5P7C,Rodge,Mines,17/07/1992,rminesr@unicef.org,+44 260 440 6610
01HQBJPYJYYYWXZVAHG1YZ808X,Matthiew,Straun,01/01/1988,mstrauns@networkadvertising.org,+44 470 240 3596
01HQBJPYJY2SC627A3SKKWJ1ST,Conan,Mulrenan,02/12/1991,cmulrenant@sitemeter.com,+44 330 178 4955
01HQBJPYJZZCB72CM3P1W7PHHT,Billye,Dyers,23/08/1961,bdyersu@earthlink.net,+44 268 742 0711
01HQBJPYK0QFRWCQPZAHV67RX1,Gwenore,Leversha,01/11/1947,glevershav@cdbaby.com,+44 943 754 7564
01HQBJPYK1562D65PSYNK93VK0,Loren,Sigsworth,19/04/1984,lsigsworthw@addtoany.com,+44 214 215 0813
01HQBJPYK1BCFKM5PWSXXYVZTR,Trixi,Toal,26/03/1948,ttoalx@printfriendly.com,+44 259 494 4323
01HQBJPYK2NGKZGAFZKK9X0HPD,Gannon,Charke,16/08/2002,gcharkey@godaddy.com,+44 656 886 7947
01HQBJPYK26XH8V8918XDJ7A9R,Aubert,Heintzsch,28/06/1993,aheintzschz@mozilla.org,+44 410 961 0395
01HQBJPYK3ZCRNA0A3X01W1ETJ,Ingrim,McDyer,09/04/1985,imcdyer10@ucla.edu,+44 406 522 9637
01HQBJPYK4G8NRHT76EHGTBXH8,Taite,Polly,04/03/1992,tpolly11@trellian.com,+44 768 359 3396
01HQBJPYK5AYCEJ44DZZ2D947D,Maynord,Hallawell,11/07/1990,mhallawell12@prnewswire.com,+44 934 136 2736
01HQBJPYK5Z8C2DDPVASGHSFHJ,Joy,Desbrow,27/01/1959,jdesbrow13@cafepress.com,+44 742 825 0744
01HQBJPYK6GN7SDTPHK2QFNNNH,Olly,Radmore,08/12/1972,oradmore14@squidoo.com,+44 242 993 5706
01HQBJPYK7ARPDWAP6K73BQNJJ,Kelli,Roberto,22/03/1951,kroberto15@census.gov,+44 780 646 3315
01HQBJPYK8ZFXJ83ARAKNYS178,Jayson,Wrighton,02/11/1966,jwrighton16@amazon.co.jp,+44 981 859 1711
01HQBJPYK85XSF1TMA5Y02Q8RC,Denver,Ilem,19/01/2001,dilem17@deviantart.com,+44 396 896 4681
01HQBJPYK9N21D8RMQWSHNJDC1,Winthrop,Bosma,31/07/1967,wbosma18@i2i.jp,+44 220 110 0826
01HQBJPYK9M9VQHQSXDG9W7RK7,Gideon,Harnetty,28/06/1957,gharnetty19@psu.edu,+44 724 867 4547
01HQBJPYKA51WYTMKCWAQFCZ4H,Elle,Keble,08/03/1951,ekeble1a@hatena.ne.jp,+44 489 864 7365
01HQBJPYKXDPC76MVG0KJY7Q0Y,Melania,Lidgley,31/01/1966,mlidgley1b@flavors.me,+44 983 735 3498
01HQBJPYKZ9TBBJC46XG68S4XR,Lilly,Piscopiello,09/05/2003,lpiscopiello1c@bigcartel.com,+44 506 905 1305
01HQBJPYM1WWPYYZ1CHJW50BMF,Nikki,Enrico,15/04/2002,nenrico1d@ucla.edu,+44 511 928 1402
01HQBJPYM2A3YVSQAHBYSVPRD2,Nikolas,Elmar,21/12/1983,nelmar1e@globo.com,+44 526 420 0818
01HQBJPYM3T2DK9F3G3WB0MAXN,Sydney,Mylechreest,24/11/1998,smylechreest1f@ebay.com,+44 143 820 9229
01HQBJPYM5658HAD7X3RRSXZ4F,Odele,Edie,07/12/1982,oedie1g@yellowpages.com,+44 556 786 9389
01HQBJPYM7K0R1Q73BWZQN68WP,Josiah,Oldis,11/04/1968,joldis1h@blogtalkradio.com,+44 171 130 4976
01HQBJPYM8E7SS4E9JX7AYP0SR,Seymour,Farndale,01/01/1976,sfarndale1i@fema.gov,+44 160 852 6725
01HQBJPYM9634E3HTA735YEVPJ,Cyndi,Caines,25/04/2000,ccaines1j@pen.io,+44 574 848 0230
01HQBJPYMBQSEZSCYWRCGCM3V3,Peyter,Ashborne,20/05/2005,pashborne1k@boston.com,+44 265 116 3564
01HQBJPYMC2QSAKENJ7NRVZSKP,Ringo,Blatcher,24/12/1971,rblatcher1l@free.fr,+44 245 956 8360
01HQBJPYMEH6GMND633AKRM4PP,Lemmie,Childe,07/01/1950,lchilde1m@slashdot.org,+44 181 577 5288
01HQBJPYMGCCSW83WAJ6DAW1KN,Moe,Claige,23/08/1963,mclaige1n@storify.com,+44 983 680 0259
01HQBJPYMJEH3HNWJA25WGEAZ5,Marlee,Belsey,01/01/1974,mbelsey1o@opera.com,+44 785 508 0213
01HQBJPYMKR0AHKA5AN8AWRX1K,Belia,Voff,26/02/1995,bvoff1p@so-net.ne.jp,+44 761 225 8748
01HQBJPYMNAMWWNXAE3CA7BWKM,Alano,Shiers,09/09/1952,ashiers1q@biglobe.ne.jp,+44 642 214 9526
01HQBJPYMN27QHVS9DNTV6WH88,Madelaine,Brayley,14/05/1949,mbrayley1r@weather.com,+44 449 309 5026
01HQBJPYMPD56SGP7FDFW2D25H,Brade,Simoneton,17/09/1948,bsimoneton1s@lulu.com,+44 546 683 9165
01HQBJPYMPDR602QGSCEEF7XM8,Connie,O'Hannigan,12/12/1999,cohannigan1t@hibu.com,+44 903 911 1618
01HQBJPYMQTAA3QS6FM56A3W33,Lek,Thornewill,15/04/1956,lthornewill1u@uol.com.br,+44 316 470 9945
01HQBJPYMRGFZDFSW9WRNE14FZ,Rana,Labrom,28/06/2001,rlabrom1v@toplist.cz,+44 903 641 2605
01HQBJPYMRXME81D9JREJMWJB7,Deane,Prenty,26/01/1986,dprenty1w@live.com,+44 641 293 9602
01HQBJPYMTHW4G984K3G40FFSD,Milena,Skerratt,29/08/1948,mskerratt1x@reference.com,+44 537 114 4862
01HQBJPYMV5HET7D9M5G2VKXPQ,Herbie,Ianni,06/03/1953,hianni1y@desdev.cn,+44 462 503 7950
01HQBJPYMVENAF7BYX5Y36BBKS,Raoul,Steiner,24/08/2005,rsteiner1z@cbslocal.com,+44 132 186 2938
01HQBJPYMWZWWGH6VCE5K8PY7G,Mar,Pennetta,10/02/1999,mpennetta20@hhs.gov,+44 687 740 0270
01HQBJPYMWY115XAXED1HNJ7M6,Lib,Caig,27/03/1984,lcaig21@oakley.com,+44 370 754 5135
01HQBJPYMX88JWXY136V0QARX6,Ignatius,Tyrone,10/10/1997,ityrone22@columbia.edu,+44 190 633 0152
01HQBJPYMYT34SMGF6GWMYSCDH,Heath,Cockley,03/05/1962,hcockley23@nih.gov,+44 591 481 3836
01HQBJPYMYXKZ349PA2F2FPMWK,Elenore,Squibbs,25/01/1966,esquibbs24@china.com.cn,+44 808 647 7928
01HQBJPYMZ1CPZVZY6M3FA0WGJ,Glory,Pohlak,01/06/1947,gpohlak25@state.tx.us,+44 605 356 3549
01HQBJPYMZYH36NZQS610SF0XP,Riannon,Guenther,03/03/1975,rguenther26@ocn.ne.jp,+44 101 243 7014
01HQBJPYN0YS4977MW5Q709184,Malanie,Delafoy,12/07/1946,mdelafoy27@java.com,+44 289 422 4820
01HQBJPYN1Q8KRR2XYS2B0RDGT,Alastair,Boyda,22/05/1999,aboyda28@sogou.com,+44 771 882 6268
01HQBJPYN1PNBE3564QSFMAEJK,Jaquelyn,Ongin,03/02/1975,jongin29@mail.ru,+44 576 873 3240
01HQBJPYN2YVGZN1ZVNGZSPJPA,Horten,Abrahamson,15/10/1987,habrahamson2a@about.me,+44 904 528 5921
01HQBJPYN2JRYF7QT9P83YS386,Rosetta,Yaakov,22/06/2002,ryaakov2b@exblog.jp,+44 627 110 7380
01HQBJPYN35P5QQKRA7XM7TWE5,Ashien,Laborda,05/11/1965,alaborda2c@comsenz.com,+44 915 564 4220
01HQBJPYN4VV6GCKAN3DGVD6R5,Brandais,Rippin,11/06/1950,brippin2d@cloudflare.com,+44 133 770 6088
01HQBJPYN4ZRES6RFHXRZN1B52,Carolann,Schild,13/06/1977,cschild2e@rediff.com,+44 743 954 4956
01HQBJPYN5ER48NB6NRGDPXM4R,Jasen,Upsale,10/06/1978,jupsale2f@mashable.com,+44 102 407 5024
01HQBJPYN6B614NFB3SDNN3H3P,Gaspard,Klimus,04/03/1991,gklimus2g@blog.com,+44 495 332 9367
01HQBJPYN6C4ZTH2Y9P3XA28SG,Luis,Baseley,15/01/1980,lbaseley2h@rakuten.co.jp,+44 152 412 5136
01HQBJPYN7C9W0XHDXBDMM6YC7,Harriott,Broadbear,11/02/1972,hbroadbear2i@mozilla.org,+44 994 183 8847
01HQBJPYN8E40TT5A3C1SX1CJ0,Brynna,Westcar,15/02/1979,bwestcar2j@github.io,+44 307 671 4426
01HQBJPYN8MQDRY16Z13BPH7FQ,Nap,Tinan,07/01/1990,ntinan2k@nationalgeographic.com,+44 513 974 4468
01HQBJPYN9DBDGTY39X64V8YEM,Jorie,Slaymaker,27/02/1986,jslaymaker2l@mediafire.com,+44 836 924 0396
01HQBJPYN9GRX3WVF86VN2JXV0,Shaylah,Ganiford,06/07/1949,sganiford2m@netlog.com,+44 554 723 7315
01HQBJPYNACP97JNCY8S51RH00,Graig,Airey,08/07/2005,gairey2n@cbsnews.com,+44 938 876 7460
01HQBJPYNBAGG8YEH2633XGNT4,Juieta,Radden,15/10/1977,jradden2o@ox.ac.uk,+44 328 366 4537
01HQBJPYNB8YEA3MHGMTCYC56T,Berkly,Crow,07/07/1979,bcrow2p@yolasite.com,+44 250 864 4279
01HQBJPYNCPXQVNVXCSSBS2XG7,Shawn,Doudny,12/02/1984,sdoudny2q@nbcnews.com,+44 547 613 4081
01HQBJPYND0Y0NWF015SKRMNEX,Fonzie,Airton,19/07/1996,fairton2r@cnet.com,+44 970 396 4442
01HQBJPYNEAXJP914R217PV90M,Sascha,Buxton,25/12/1970,sbuxton2s@seesaa.net,+44 235 724 4975
01HQBJPYNFCQ8VSXMTAAZB5J4M,Gottfried,Goalby,24/11/1965,ggoalby2t@msn.com,+44 103 765 7399
01HQBJPYNG1AZD4B22WXYA0DZR,Peadar,Mickleborough,24/10/1968,pmickleborough2u@plala.or.jp,+44 575 720 8777
01HQBJPYNG229Y3BQN5SYZ0V28,Ilise,Riseborough,27/04/1963,iriseborough2v@nasa.gov,+44 443 267 5072
01HQBJPYNHQG7P7VJQ7BGQC8ZP,Maurizia,Petrou,05/06/2003,mpetrou2w@people.com.cn,+44 161 302 1515
01HQBJPYNK0NKJE8JHF50R911Q,Darill,Gofton,25/06/2000,dgofton2x@aol.com,+44 524 852 3747
01HQBJPYNMHEZM2T9C00MBAVD5,Esme,Buy,09/07/1966,ebuy2y@sakura.ne.jp,+44 726 808 8083
01HQBJPYNNMTKTM8496SP6J7YF,Keith,Buxton,26/03/1989,kbuxton2z@theatlantic.com,+44 399 199 7925
01HQBJPYNP0BX04PRK7PH08T4D,Quintin,Beswell,17/02/1977,qbeswell30@usgs.gov,+44 594 873 1169
01HQBJPYNQGD48X76W8NQSGGT2,Syd,Hirtzmann,05/08/1959,shirtzmann31@youtube.com,+44 611 857 9424
01HQBJPYNQ7C7ZB3J89M9S99KQ,Cal,Derisley,07/08/2001,cderisley32@hugedomains.com,+44 492 824 7200
01HQBJPYNRGEQMAT0PGY3P8BJ0,Wit,Lownie,15/08/1992,wlownie33@storify.com,+44 320 437 5497
01HQBJPYNSK5Y18TDC5Q7YHQBC,Andie,Fores,16/05/2005,afores34@wunderground.com,+44 648 195 0025
01HQBJPYNSDKPYFVNRCX4MG50H,Lilli,Gatman,02/09/1989,lgatman35@feedburner.com,+44 294 161 1925
01HQBJPYNT9EBTWRTB68GQB1FD,Hoyt,Couldwell,10/08/2000,hcouldwell36@indiatimes.com,+44 320 734 2006
01HQBJPYNTRNGYCS9V7JA25TJA,Persis,Koopman,11/11/1977,pkoopman37@altervista.org,+44 418 922 4523
01HQBJPYNVVXXJF4KCDQGJD924,Horten,Odo,22/12/2002,hodo38@nih.gov,+44 535 457 8555
01HQBJPYNWWRC99CZFE02H9NVF,Walt,Poundsford,07/04/1949,wpoundsford39@desdev.cn,+44 269 690 5736
01HQBJPYNW7QJESJ9HQT1T5XYM,Juliana,Petracek,14/01/1972,jpetracek3a@t-online.de,+44 955 861 3091
01HQBJPYNX2G7AMQB8QZMYVMEQ,Matthus,Ruusa,24/03/1991,mruusa3b@home.pl,+44 573 712 7977
01HQBJPYNY4CMS5WC1PREBAE85,Ashia,Fraczek,03/06/1996,afraczek3c@youku.com,+44 981 826 4896
01HQBJPYNYW2FJAQH1E36M0MQ4,Rhody,Biddlecombe,25/04/1996,rbiddlecombe3d@ed.gov,+44 846 757 9399
01HQBJPYNZP6KXE7RC0FZ7ZT3K,Efren,Fludgate,05/10/1964,efludgate3e@slate.com,+44 159 971 8478
01HQBJPYP00HE4PP3NA1W6MBHB,Welsh,Garrals,02/02/1975,wgarrals3f@google.ru,+44 525 137 2999
01HQBJPYP0X9BHR00BWF9YFSS3,Madelle,Pollendine,13/06/1963,mpollendine3g@clickbank.net,+44 655 133 3921
01HQBJPYP1VBGDGA5K6QHEH82S,Vail,Mariot,16/06/1988,vmariot3h@theglobeandmail.com,+44 376 326 3541
01HQBJPYP2E460V75VT97XPGM6,Grace,Rowdell,25/01/1978,growdell3i@indiatimes.com,+44 205 832 2155
01HQBJPYP2GJ8CC7ZKARJASR9T,Rosalynd,Luckings,04/01/1968,rluckings3j@shutterfly.com,+44 987 144 6379
01HQBJPYP3Z1HWG95MAJDK2V8K,Gloriane,Boschmann,17/12/1955,gboschmann3k@photobucket.com,+44 385 487 1826
01HQBJPYP4JN10AXAPNJ87GTDH,Haven,Wannop,21/11/1969,hwannop3l@amazon.co.uk,+44 756 392 1044
01HQBJPYP4Y1C0TYPYJY4S687C,Deena,Cumpton,28/05/2002,dcumpton3m@marriott.com,+44 926 468 0869
01HQBJPYP5ZGCG6636N5E7GY8X,Alvin,Burgon,10/07/1964,aburgon3n@fastcompany.com,+44 413 134 2229
01HQBJPYP6CQS6VZKQ3WHF7S79,Domenico,Raymont,20/06/1953,draymont3o@google.fr,+44 296 994 3841
01HQBJPYP6EBYH687W0J2AQJHC,Sheena,Grote,26/07/1969,sgrote3p@twitter.com,+44 401 906 9196
01HQBJPYP7AGYKSF5QDD6X6AE4,Bren,Kennermann,16/02/1971,bkennermann3q@last.fm,+44 867 115 6055
01HQBJPYP82SJZTT34C0PE9QRH,Laurens,Paynter,07/01/1969,lpaynter3r@symantec.com,+44 602 254 6407
01HQBJPYP86B12GAKKA17XF6HP,Avie,Giller,11/06/1977,agiller3s@google.de,+44 700 695 2798
01HQBJPYP9RCD7V5NW8EQY0CFE,Tersina,Witherden,07/04/1980,twitherden3t@imgur.com,+44 370 436 7885
01HQBJPYP9XQVSCF5JF1W8YBJG,Annamarie,Durnford,21/01/1980,adurnford3u@meetup.com,+44 266 244 1502
01HQBJPYPA6ZG0W6KN3VR9B4KB,Wolfy,Plaid,20/08/1989,wplaid3v@skyrock.com,+44 556 220 8289
01HQBJPYPBJMZ6BN0YWQEXDMRE,Reynard,Benedito,04/09/1986,rbenedito3w@springer.com,+44 514 413 4164
01HQBJPYPBXZDNRBWTPR4RE2M7,Janek,Scading,02/11/1955,jscading3x@wordpress.org,+44 723 347 3396
01HQBJPYPCTY3MD5WG0QF87866,Minnnie,McGarrity,04/04/1962,mmcgarrity3y@surveymonkey.com,+44 168 941 1934
01HQBJPYPDV6PFPED2S6QDNK13,Den,Tumielli,03/10/1987,dtumielli3z@blogger.com,+44 540 362 6428
01HQBJPYPDFVPAE29MSJG6EQJA,Carlye,Effaunt,27/06/1957,ceffaunt40@amazon.com,+44 965 711 7974
01HQBJPYPEGBV3B83WA9323JV1,Laurette,Clulow,31/07/1988,lclulow41@yelp.com,+44 147 160 9299
01HQBJPYPF5E51QX0MC4YYRR3V,Tedie,Gytesham,14/05/1966,tgytesham42@tinyurl.com,+44 103 945 9806
01HQBJPYPF80JM2V9M4CHJXAMB,Kellby,Wildblood,22/10/1985,kwildblood43@technorati.com,+44 128 207 2237
01HQBJPYPGT88JWB5MNDCMXWEB,Codee,Hartup,19/04/1949,chartup44@uiuc.edu,+44 579 432 5588
01HQBJPYPH00AT81YPTPXTT3CA,Daffy,Staziker,03/09/1981,dstaziker45@uiuc.edu,+44 178 777 3190
01HQBJPYPHHSJ49722K1ZWJ2QR,Sybille,Oldam,13/11/1993,soldam46@photobucket.com,+44 486 391 5409
01HQBJPYPJSZ90K4JGN2P9SEXC,Suzie,Meldrum,15/05/1962,smeldrum47@oaic.gov.au,+44 288 717 4526
01HQBJPYPJ448APXZRFVPA3BGC,Shirlene,Sparway,14/08/1999,ssparway48@biblegateway.com,+44 380 837 9213
01HQBJPYPKAQNYCDAJHC86XRZ7,Royal,Darker,30/09/1978,rdarker49@tripod.com,+44 647 779 9935
01HQBJPYPMCEEBFY65KHDV4ZBP,Eyde,Whatsize,03/12/1955,ewhatsize4a@blog.com,+44 347 329 3074
01HQBJPYPM8850X99Z958JS85J,Rhetta,Janczewski,27/06/1961,rjanczewski4b@ucoz.com,+44 345 648 6376
01HQBJPYPNNNFW9ATNECQBHSP8,Dame,Weighell,23/09/2003,dweighell4c@altervista.org,+44 106 944 2833
01HQBJPYPPE583NP1M63NVYGTX,Aubine,Melendez,09/05/1993,amelendez4d@irs.gov,+44 803 629 1799
01HQBJPYPPFTREHSHY2CG7Y62X,Phyllys,Myring,20/12/1980,pmyring4e@mtv.com,+44 114 404 9978
01HQBJPYPQ5PVMKEK8TP5X7264,Giustino,Wailes,10/03/1961,gwailes4f@lycos.com,+44 530 559 9729
01HQBJPYPRCYY64EVF3V7SAC7E,Tomi,Dicke,07/04/1970,tdicke4g@paginegialle.it,+44 408 931 8094
01HQBJPYPRX1SW2BBZTTTRZ27C,Georgeanna,Duprey,07/01/1986,gduprey4h@mayoclinic.com,+44 707 419 3065
01HQBJPYPSVFYE2VD0470HJA9J,Kevin,Cockhill,05/11/1948,kcockhill4i@delicious.com,+44 318 295 0826
01HQBJPYPTE0DXK5PSPDSYKJJP,Oates,Collocott,27/10/1949,ocollocott4j@japanpost.jp,+44 154 915 2635
01HQBJPYPTW7HR9E4AXKR0QTJM,Rodolphe,Braime,04/03/1967,rbraime4k@icq.com,+44 505 814 4701
01HQBJPYPVVGE9Y32Y6D91JH0Z,Laureen,Stourton,29/06/1977,lstourton4l@linkedin.com,+44 173 415 2298
01HQBJPYPVK34M5T0N029D8BAW,Crawford,Kobpac,10/11/1978,ckobpac4m@bloglines.com,+44 878 174 3308
01HQBJPYPW8XHH6A5BHJV7PRR3,Kayne,Hayball,24/10/1946,khayball4n@theatlantic.com,+44 151 559 4940
01HQBJPYPXWDXX4N8KHNCG7003,Riccardo,Kivelhan,14/01/1982,rkivelhan4o@addthis.com,+44 465 109 7882
01HQBJPYPXT4BA1QJ3B52H2MRP,Desiri,Poulney,07/06/1962,dpoulney4p@trellian.com,+44 210 835 4324
01HQBJPYPYV4GVQYV2324P77N1,Fanechka,Stockton,26/08/1962,fstockton4q@sitemeter.com,+44 702 314 6396
01HQBJPYPZAN521NAFRQ9EEK3P,Darleen,Olivera,14/05/2005,dolivera4r@stanford.edu,+44 784 981 0637
01HQBJPYQ0DY3ZHB3FD0ASXMFD,Chandler,Peris,12/01/1955,cperis4s@storify.com,+44 776 572 2215
01HQBJPYQ1MCC631WCTRKGW3ST,Crichton,Fossord,24/05/1959,cfossord4t@imageshack.us,+44 180 836 3471
01HQBJPYQ292FHAKBF6MSWGCDW,Bobbee,Vears,18/02/1985,bvears4u@opera.com,+44 151 663 5567
01HQBJPYQ2VXYVJRCSB275HCFC,Maison,Headington,30/11/1988,mheadington4v@twitpic.com,+44 123 687 6949
01HQBJPYQ3ER6Y719YJWZFW6KT,Susann,Dallender,28/08/1961,sdallender4w@people.com.cn,+44 650 443 7445
01HQBJPYQ4RWN1M2GH2E4R4ZKB,Traci,Gordon,14/02/1951,tgordon4x@businessinsider.com,+44 467 249 7687
01HQBJPYQ4ZJVY8F2QADRRJ4MM,Christalle,Yann,29/12/1981,cyann4y@fotki.com,+44 779 155 8657
01HQBJPYQ5F6KV1X7B3BDZRYRQ,Prentice,Veness,10/08/1951,pveness4z@google.it,+44 846 204 0046
01HQBJPYQ6JGZ74521PB9AVYGV,Chickie,Colam,01/05/1973,ccolam50@cpanel.net,+44 952 951 0578
01HQBJPYQ69X7MZXES142A1CEX,Bette-ann,D'Elia,19/06/1947,bdelia51@theatlantic.com,+44 929 118 5046
01HQBJPYQ7DRXB1BPGT5H7BZGA,Saloma,Dearness,24/06/1945,sdearness52@dedecms.com,+44 555 439 4574
01HQBJPYQ8YY5BRG9AMKP7R1H9,Godiva,Andersch,28/03/1990,gandersch53@is.gd,+44 995 852 5477
01HQBJPYQ8QRVDBDRMHWZ9BFTX,Jon,Stritton,06/04/1976,jstritton54@nytimes.com,+44 561 275 3848
01HQBJPYQ9DJMQA1R5ZEKWSYQ3,Birdie,Womersley,19/07/1950,bwomersley55@bbc.co.uk,+44 423 450 3930
01HQBJPYQAZQZ2F8FYDQXM2VHE,Rriocard,Sylvaine,23/12/1947,rsylvaine56@bloglines.com,+44 613 994 9330
01HQBJPYQAP3BAJ42BPP9HZX37,Keri,Sawell,09/10/1972,ksawell57@wiley.com,+44 210 447 9715
01HQBJPYQBNKHS1GDDCC009ACR,Sal,Findlay,03/03/1976,sfindlay58@elegantthemes.com,+44 607 619 3141
01HQBJPYQC29KKY8VVD4M7TA4G,Hesther,Richin,26/06/1974,hrichin59@google.com.hk,+44 632 273 0148
01HQBJPYQC7305PBQZ33EV8CMF,Ichabod,Brockherst,25/02/1994,ibrockherst5a@wix.com,+44 318 657 0604
01HQBJPYQDVX3Q6GBTJ69XC996,Bordie,Hawkridge,29/07/1969,bhawkridge5b@acquirethisname.com,+44 452 107 5747
01HQBJPYQE0JHHH8K0NSXFZ1YV,Scarlet,McGeady,03/04/1989,smcgeady5c@youtu.be,+44 887 805 9285
01HQBJPYQFC8RMMFDR0Z6P0N8B,Marchall,Harnor,20/02/1968,mharnor5d@simplemachines.org,+44 710 917 7897
01HQBJPYQF16881XMSXGXRPRR7,Shepperd,Caramuscia,21/12/2002,scaramuscia5e@arizona.edu,+44 518 841 7244
01HQBJPYQGS6NEVF9PH9H16AST,Daven,Fitton,12/06/1984,dfitton5f@e-recht24.de,+44 270 401 5768
01HQBJPYQHR1F857YVV8VAC1J6,Obie,Pethrick,20/06/1950,opethrick5g@wiley.com,+44 557 195 9746
01HQBJPYQJ4WE9G7C8FRHMXJW9,Davidson,Rubinovitsch,27/03/1978,drubinovitsch5h@blogtalkradio.com,+44 546 820 5730
01HQBJPYQKV19H2YFK6HR1GV79,Clyde,Caunce,01/01/1965,ccaunce5i@tinyurl.com,+44 640 465 6001
01HQBJPYQMR0F7G6XAPT9XHFXG,Brandy,Cacacie,19/02/1974,bcacacie5j@europa.eu,+44 161 788 3187
01HQBJPYQP9CSTN05W48S0EWXS,Chandra,Pentelow,25/03/1970,cpentelow5k@whitehouse.gov,+44 579 914 3838
01HQBJPYQPV7FW6AWC0894VRHR,Klaus,Creamer,23/03/1945,kcreamer5l@unc.edu,+44 127 921 1390
01HQBJPYQRJ5ADN4CWN4YXNAEG,Calhoun,Cahn,16/05/1951,ccahn5m@jimdo.com,+44 332 644 4926
01HQBJPYQTG5KJPRG8QX90AWWP,Freddie,Gaish,06/07/1987,fgaish5n@wikimedia.org,+44 732 735 1964
01HQBJPYQT8QQRJRR25K4DV021,Clarette,Flipsen,01/01/1945,cflipsen5o@statcounter.com,+44 481 392 5587
01HQBJPYQVR6WA2JJPYXC8M87N,Scottie,Nornable,30/09/1988,snornable5p@ucla.edu,+44 451 252 1350
01HQBJPYQW1THEYEG5FKEW2D4Y,Patricia,Adess,22/07/1946,padess5q@unicef.org,+44 576 666 9007
01HQBJPYQX28FCTK5VK9HXP70P,Flore,Songest,10/07/1996,fsongest5r@google.ru,+44 611 400 3188
01HQBJPYQYR096R31HVACY578A,Christabella,Belleny,06/04/1961,cbelleny5s@walmart.com,+44 484 668 6578
01HQBJPYQZG04401R1Q01CP12E,Kathrine,Bilovus,21/08/1961,kbilovus5t@foxnews.com,+44 639 147 2897
01HQBJPYR1XC8TK7GB0XKWPREA,Dudley,Huston,05/01/1977,dhuston5u@webnode.com,+44 651 208 9133
01HQBJPYR2M2436NVM4J60YF6X,Harbert,Leahair,15/05/1961,hleahair5v@wufoo.com,+44 692 868 5489
01HQBJPYR2PQ6K60J53YMZR309,Ruthie,Bucktharp,28/12/1961,rbucktharp5w@shinystat.com,+44 730 643 8839
01HQBJPYR3EPY4TJ4P9KYFY84M,Maxwell,Jervois,23/05/1949,mjervois5x@google.nl,+44 703 810 1904
01HQBJPYR42VMJEXNTY3KZMH9S,Tab,Bradford,09/07/1984,tbradford5y@sfgate.com,+44 961 272 8946
01HQBJPYR4S1X6HH304YBGSV9T,Gertie,Vince,12/01/1969,gvince5z@miitbeian.gov.cn,+44 325 144 6072
01HQBJPYR5334D3AGPFFRGP3ZQ,Ardella,FitzGeorge,29/04/1991,afitzgeorge60@google.es,+44 413 516 8152
01HQBJPYR6924AHHZWNZ0PKZBB,Lauren,Hinkes,30/03/1978,lhinkes61@disqus.com,+44 606 627 9464
01HQBJPYR69Y6MDMA0VM7TNQ99,Pennie,Klimowski,19/12/2001,pklimowski62@drupal.org,+44 293 390 1741
01HQBJPYR7BR24M184KFBTK8X9,Shelia,Penhearow,12/05/1976,spenhearow63@usa.gov,+44 340 136 0254
01HQBJPYR8XD2YPFJRSMRXA9AN,Clarabelle,Antonsson,18/09/1983,cantonsson64@cbsnews.com,+44 160 712 5334
01HQBJPYR83EJQ2P13SKSAKKGD,Verne,Govey,26/08/1988,vgovey65@wisc.edu,+44 742 121 4631
01HQBJPYR9PEXANH10WX6EE7ZW,Justinian,McBrearty,21/10/1987,jmcbrearty66@cbslocal.com,+44 279 113 5784
01HQBJPYRAG6XAYJP35BEQP2WF,Verile,Lindenman,30/03/1964,vlindenman67@slideshare.net,+44 364 415 5306
01HQBJPYRAEG9DYK5C1Y9V86MF,Ivor,Snugg,11/04/1956,isnugg68@ibm.com,+44 656 123 7079
01HQBJPYRBT6XER2TRQ9XNDQ73,Marie-ann,Heersema,28/04/1974,mheersema69@pinterest.com,+44 779 399 6170
01HQBJPYRCY2KGT4H47RJWZT25,Wilmette,Filippone,30/05/1986,wfilippone6a@tamu.edu,+44 861 574 4039
01HQBJPYRDTGQ4ECECK1WH7JKW,Jenna,Earlam,28/08/1991,jearlam6b@time.com,+44 644 521 2171
01HQBJPYRDVARHP8SDQA38X9BJ,Chris,Howson,06/06/1981,chowson6c@sina.com.cn,+44 349 557 9593
01HQBJPYRESHSC25C429TW0C18,Anallise,Swane,03/03/1945,aswane6d@nih.gov,+44 120 601 5485
01HQBJPYRFWD4JK96KGAC7F3WV,Nariko,Crewdson,11/03/1963,ncrewdson6e@jimdo.com,+44 192 489 2254
01HQBJPYRG4J9EVRE1GRYEPC1T,Fanny,Gawthrope,07/09/1965,fgawthrope6f@bbc.co.uk,+44 103 800 4504
01HQBJPYRGARSCQYEDDZ5K03FX,Lydia,Lambertson,30/04/1973,llambertson6g@spotify.com,+44 765 345 0131
01HQBJPYRH877CM4E1K7GD9XRP,Jeff,Lanchester,28/05/1964,jlanchester6h@yandex.ru,+44 914 433 7009
01HQBJPYRJP0T0Q1BARYBHCD0Z,Connie,Meagh,26/12/1984,cmeagh6i@telegraph.co.uk,+44 494 105 5213
01HQBJPYRKZR0S2ZD7XXRR19FH,Mose,Lyford,22/08/1983,mlyford6j@wp.com,+44 543 851 3852
01HQBJPYRNJ91AGWC0JQV808C7,Charlie,Limrick,18/11/1992,climrick6k@moonfruit.com,+44 430 296 4760
01HQBJPYRPN6G7WZV9MQD3CPH6,Emmy,Rudkin,18/03/1997,erudkin6l@shop-pro.jp,+44 730 589 2751
01HQBJPYRPV27PNGFEF5A8D9NM,Karita,Petracco,05/06/1987,kpetracco6m@shinystat.com,+44 983 929 0946
01HQBJPYRQN28SBCHPHR3WHZVH,Fleurette,Fetherston,13/01/1975,ffetherston6n@answers.com,+44 828 194 2842
01HQBJPYRRS654PNHFKPV9MA6Z,Brooke,Daville,09/05/2002,bdaville6o@nifty.com,+44 973 806 3318
01HQBJPYRRKK70Z7G1WGH2RP9B,Midge,Sautter,02/03/2001,msautter6p@reddit.com,+44 421 457 6450
01HQBJPYRS3N82BYHTYYCSZMP6,Danya,Alven,17/10/2000,dalven6q@prnewswire.com,+44 441 375 2697
01HQBJPYRTM1CE0VXX92JF2X6B,Rivalee,Cano,05/03/1975,rcano6r@reference.com,+44 372 581 3444
01HQBJPYRV8GMA56V0V2TE7SRN,Edgar,Comelini,03/11/2005,ecomelini6s@indiatimes.com,+44 374 704 4767
01HQBJPYRWFFH7714Y95YYCA1Y,Stephannie,Carley,06/10/1987,scarley6t@homestead.com,+44 431 896 6730
01HQBJPYRYYSK5NEMA6KNNDK28,Bondon,Tonkin,18/11/1996,btonkin6u@apple.com,+44 703 160 0673
01HQBJPYRZ3K65DDFP2W30EDT0,Jillene,Rowlinson,09/09/1992,jrowlinson6v@scientificamerican.com,+44 566 789 8472
01HQBJPYS0V54PYRFH6BYHRPE1,Biddy,Wase,08/02/1953,bwase6w@sourceforge.net,+44 195 867 4303
01HQBJPYS1M238PGCR2PN5D7T8,Nicolle,Wakelin,01/02/1969,nwakelin6x@friendfeed.com,+44 387 318 2051
01HQBJPYS1A5J0PCJEWT99PADV,Cybil,Garaway,18/02/1976,cgaraway6y@constantcontact.com,+44 164 697 9078
01HQBJPYS286QPECHN40PPJAA5,Fred,Growcott,05/09/2004,fgrowcott6z@ycombinator.com,+44 143 828 0154
01HQBJPYS3FNB5K6B1F8J9K4VF,Dalston,Trunby,16/08/1967,dtrunby70@cloudflare.com,+44 888 453 2348
01HQBJPYS422H468T63B2VVR9V,Kirk,Greensitt,05/09/1958,kgreensitt71@sphinn.com,+44 972 642 0003
01HQBJPYS49YH94B5WH9Z0CSK8,Kahaleel,MacWhirter,08/10/1977,kmacwhirter72@wsj.com,+44 103 397 2974
01HQBJPYS5P6AG465S29JGC4Q6,Thacher,Fesby,26/03/1958,tfesby73@prlog.org,+44 679 562 0225
01HQBJPYS6D796RMA5X2BBZQ01,Candide,Rintoul,27/10/2001,crintoul74@cyberchimps.com,+44 323 265 8665
01HQBJPYS6EQ23F8PCTR6490CQ,Gerta,Gontier,25/03/2004,ggontier75@jiathis.com,+44 137 576 5899
01HQBJPYS7DZ2RK8V1EQ9AP0JW,Britni,Pifford,02/01/2000,bpifford76@pagesperso-orange.fr,+44 879 584 2541
01HQBJPYS8Y9MY97PDW3PTYEZ7,Stevie,Blakebrough,20/01/1967,sblakebrough77@shop-pro.jp,+44 360 479 3032
01HQBJPYS8QNMYFF1YDS7RHZR2,Mollie,Berrey,22/04/1987,mberrey78@berkeley.edu,+44 640 371 6445
01HQBJPYS92MJJG8AFMW47ATMB,Johnny,Worland,31/12/1956,jworland79@elpais.com,+44 259 751 8961
01HQBJPYSAYKVHZKT5EC6HA1CF,Jacques,Pitherick,20/01/1989,jpitherick7a@sun.com,+44 572 161 4377
01HQBJPYSBB28JDDJJBRMHDDND,Vonnie,Roy,10/08/1973,vroy7b@craigslist.org,+44 447 386 6314
01HQBJPYSBGXCVDTQG7A8F5VDK,Rutger,Thirlwell,23/04/1992,rthirlwell7c@youtube.com,+44 422 575 7071
01HQBJPYSCV9R8E0ZH2CAZ1R7X,Shela,Brind,12/03/1952,sbrind7d@goo.gl,+44 454 427 8731
01HQBJPYSDVT8K3NTPV7G3HVTQ,Teriann,Blood,09/07/1990,tblood7e@a8.net,+44 969 739 2534
01HQBJPYSENZ1V5JN705ZTYWYJ,Eloisa,Lawlings,03/11/1948,elawlings7f@buzzfeed.com,+44 172 161 6818
01HQBJPYSE8ECX05TM9BRNZ194,Hymie,Molyneaux,27/09/2000,hmolyneaux7g@umich.edu,+44 488 273 8411
01HQBJPYSFD7VGD53APM9S0TT8,Moises,Czajka,29/06/1979,mczajka7h@cnbc.com,+44 569 277 5913
01HQBJPYSGGT5FP5NGGS8P0Q68,Kandy,Vaneev,05/06/1952,kvaneev7i@blogger.com,+44 230 968 2383
01HQBJPYSHNZV4S3ME9ZAP70MD,Maddalena,Wyldes,16/04/1970,mwyldes7j@wix.com,+44 556 517 7904
01HQBJPYSH3W1T10SDQX3F7QZB,Carly,Gravet,29/11/1974,cgravet7k@nytimes.com,+44 124 806 0133
01HQBJPYSJK4TQ90S0CZ40GP0C,Lynea,Caudray,05/12/1946,lcaudray7l@phoca.cz,+44 274 783 0307
01HQBJPYSK3462BZVNCDVKQK47,Benoite,Beale,06/06/2001,bbeale7m@hud.gov,+44 663 495 2350
01HQBJPYSM3Q3SC4G028WYFC59,Thoma,Thackwray,06/05/1981,tthackwray7n@virginia.edu,+44 360 380 1858
01HQBJPYSMFPN61YJVM61HYBX7,Leonie,Wythill,31/01/1952,lwythill7o@salon.com,+44 248 551 1024
01HQBJPYSN7BYY90P0CDA476BF,Lissa,MacGruer,25/05/1957,lmacgruer7p@t-online.de,+44 576 659 3750
01HQBJPYSPED4P947BHYW6KHES,Ofella,Sotheby,21/06/1949,osotheby7q@amazon.co.uk,+44 251 200 6610
01HQBJPYSP2452D8C49FZP0NWE,Reinald,Magrane,24/07/2003,rmagrane7r@columbia.edu,+44 957 265 4797
01HQBJPYSQSNKRXK5MEB9B8K0J,Tessi,Pancost,24/10/1971,tpancost7s@barnesandnoble.com,+44 154 724 1259
01HQBJPYSR5ZHVEFQP1XECD24H,Trent,Carless,28/01/1994,tcarless7t@umich.edu,+44 793 262 0748
01HQBJPYSSN7NH9MEF892DDD8J,Leigh,Boynes,26/01/1978,lboynes7u@cisco.com,+44 138 603 7862
01HQBJPYSTGXRG6RQ2MDX0779X,Linnell,Nilges,12/06/1987,lnilges7v@i2i.jp,+44 388 759 3871
01HQBJPYSVMP7SD551AF887DQ0,Windy,Jodrelle,05/09/1982,wjodrelle7w@dedecms.com,+44 776 773 8425
01HQBJPYSVX8MGSF8NMCQRF64E,Janean,Lindbergh,25/10/1989,jlindbergh7x@yale.edu,+44 772 445 3118
01HQBJPYSWAM5FWJ762E12S4T8,Dirk,Honacker,01/10/2001,dhonacker7y@sitemeter.com,+44 292 795 7749
01HQBJPYSXAG53MJXCVQHYQ9JX,Hillel,Wollers,14/11/1953,hwollers7z@github.com,+44 151 847 3218
01HQBJPYSXAAKWEM1DCS9ESYNM,Tailor,Castledine,10/01/1973,tcastledine80@washingtonpost.com,+44 585 626 2234
01HQBJPYSYTFDYWFV1TEWMXJTA,Arturo,Castelin,27/01/1955,acastelin81@nih.gov,+44 420 416 9477
01HQBJPYSZQRTR9W5K3XZ9SSBR,Neron,Sowthcote,30/07/1999,nsowthcote82@amazon.com,+44 519 954 6646
01HQBJPYT048QEVGQPFF9TYAZ2,Zebadiah,Antwis,08/08/1956,zantwis83@mit.edu,+44 187 617 6006
01HQBJPYT070TYERK9MEQB91HX,Codie,Croisier,07/11/1996,ccroisier84@netscape.com,+44 388 430 8894
01HQBJPYT1YVDS3S1GZRDQ7W18,Bernardine,Strass,09/06/1983,bstrass85@auda.org.au,+44 201 356 9517
01HQBJPYT234MM68ZJC7SFY1M7,Anjanette,Turpin,05/07/2003,aturpin86@joomla.org,+44 381 877 4132
01HQBJPYT3D1W4WAB9Z7M9R4WP,Farly,Reedman,28/07/1982,freedman87@cbsnews.com,+44 914 512 8935
01HQBJPYT4YNC8AYM082J8JFG3,Cortney,Tesdale,28/03/1952,ctesdale88@vkontakte.ru,+44 831 153 4946
01HQBJPYT4TNTCGSWQQB4C4NH6,Adolf,Ewbanks,25/06/1973,aewbanks89@paypal.com,+44 617 326 4192
01HQBJPYT634Q3Z9P0VS94ZE3V,Wendeline,Lonergan,07/12/1945,wlonergan8a@comsenz.com,+44 957 233 7977
01HQBJPYT7FSS4CSS7QNQW2DFT,Weber,Bellanger,19/02/1960,wbellanger8b@weebly.com,+44 489 237 0251
01HQBJPYT88V13171922PESE1R,Leeland,Smale,19/10/1978,lsmale8c@shareasale.com,+44 552 841 1774
01HQBJPYT9JQQ2D314TTV7W0GM,Dedie,Muskett,19/08/1947,dmuskett8d@nps.gov,+44 859 898 5549
01HQBJPYT9RNKWV6R61A08P969,Dulcy,Tumilson,15/05/1998,dtumilson8e@woothemes.com,+44 730 223 9906
01HQBJPYTAHDCMZGMRXZEH6MRD,Maryellen,McKeowon,21/12/1965,mmckeowon8f@phpbb.com,+44 214 920 9327
01HQBJPYTB0XQH61H0F39N6FNK,Jade,Ivanyutin,19/03/1955,jivanyutin8g@exblog.jp,+44 661 768 1594
01HQBJPYTCRHBPWWB47WCAYNNP,Lemmy,Rizzone,18/05/1999,lrizzone8h@archive.org,+44 563 113 6551
01HQBJPYTDKB089AGFTPE8WNDR,Neil,Shmyr,14/05/2002,nshmyr8i@epa.gov,+44 847 916 8657
01HQBJPYTE8M0WMYWX5QNQJ36Z,Frasier,McIlharga,27/12/2004,fmcilharga8j@addthis.com,+44 578 618 2188
01HQBJPYTFXHY56FAXYJPW516J,Blanche,Birbeck,10/08/1998,bbirbeck8k@deviantart.com,+44 840 430 6478
01HQBJPYTGMS5JHMNJW6BRZDDW,Etheline,Yea,19/02/1990,eyea8l@amazon.com,+44 727 617 8316
01HQBJPYTHP9P0B14M4MRY9ZAG,Alicea,Grayling,27/12/1960,agrayling8m@wired.com,+44 858 286 5333
01HQBJPYTKGAEE5FY24SKSS42P,Marena,Hallowell,27/05/1994,mhallowell8n@odnoklassniki.ru,+44 624 460 8285
01HQBJPYTK1K05J9GW1D4R8CVN,Karoly,Camoletto,27/05/1996,kcamoletto8o@ted.com,+44 893 294 7650
01HQBJPYTMQ28XGGKXFZJ7JSF5,Elspeth,Berdale,08/11/1978,eberdale8p@ihg.com,+44 852 413 5696
01HQBJPYTN85R84RPNVHY5KA12,Evy,Wynes,09/04/1956,ewynes8q@amazon.co.jp,+44 217 458 3438
01HQBJPYTPD9TF28JKKAGN6Z6W,Uri,Kelledy,17/01/1959,ukelledy8r@forbes.com,+44 694 137 0442
01HQBJPYTPCZM8KN9PDFHBEAZE,Peggi,Garms,28/06/1962,pgarms8s@bloomberg.com,+44 131 982 7899
01HQBJPYTQJAX3E29G7N1WMTP8,Arni,Scaice,19/07/1993,ascaice8t@yellowpages.com,+44 155 620 4187
01HQBJPYTRTP0QK5VXWRM4BZCP,Travers,Rushmere,07/07/1996,trushmere8u@webeden.co.uk,+44 882 551 0636
01HQBJPYTRAQ5B288M1EGXRDG5,Sergeant,Ughelli,13/12/1957,sughelli8v@constantcontact.com,+44 758 121 8350
01HQBJPYTS92SXC2TTT49B2QP2,Sharia,Gaine,09/03/1981,sgaine8w@nydailynews.com,+44 587 203 1461
01HQBJPYTT00SGS95EQZ9X3070,Baxie,Boman,24/06/1945,bboman8x@typepad.com,+44 832 444 8363
01HQBJPYTTST800AFX5WTF89EX,Roseline,Devanney,19/04/1983,rdevanney8y@hexun.com,+44 411 548 1817
01HQBJPYTVDM6RQ11S5QGS7ASZ,Terry,MacGiolla Pheadair,20/06/1980,tmacgiollapheadair8z@hexun.com,+44 776 670 9135
01HQBJPYTWW2S46DSPDSFPWGYY,Aime,Boodell,03/10/1954,aboodell90@surveymonkey.com,+44 893 638 8693
01HQBJPYTXXYE32VR0EJXX309K,Eddie,Coddrington,07/05/1959,ecoddrington91@webeden.co.uk,+44 302 222 2648
01HQBJPYTYBP4MXHCTMT9WKCSF,Elinor,Dahlman,18/07/1982,edahlman92@oaic.gov.au,+44 902 779 9285
01HQBJPYV0YFTYGK6FVE0G62T3,Dieter,Ortega,17/11/1977,dortega93@ezinearticles.com,+44 143 709 0897
01HQBJPYV1PVG8VPWPNJ6DTGG7,Ashly,Upham,11/12/1966,aupham94@yahoo.co.jp,+44 325 812 9020
01HQBJPYV3BXNTM0WDS9RCXBE1,Rawley,Jobern,05/06/1984,rjobern95@forbes.com,+44 611 610 0000
01HQBJPYV5AZFQ85Y7NX1HHED0,Allianora,Elward,20/02/1976,aelward96@arstechnica.com,+44 394 922 1379
01HQBJPYV6WH2ZJW789TCCABHN,Ophelia,Twiname,30/11/1998,otwiname97@irs.gov,+44 106 872 0724
01HQBJPYV8WCAG4RCE97Z4Y8NN,Chelsea,Glowacha,22/09/1994,cglowacha98@photobucket.com,+44 283 931 8239
01HQBJPYV92DZJ9TNKBY468REA,Caye,Ambrogi,15/11/1964,cambrogi99@tumblr.com,+44 554 707 9932
01HQBJPYVAMSXBPDHBMRSFENEB,Roxie,Bosomworth,19/11/1957,rbosomworth9a@macromedia.com,+44 627 890 5440
01HQBJPYVCEAF11D2ZZ9GNZVDZ,Fredek,Hoodlass,14/06/1968,fhoodlass9b@goodreads.com,+44 909 907 7243
01HQBJPYVE9489YH8Z47AD6EZP,Rickey,Giottini,14/07/1975,rgiottini9c@rediff.com,+44 765 531 5539
01HQBJPYVF8BNV7NG04RZX9MSF,Danie,Belward,02/06/1994,dbelward9d@hibu.com,+44 271 347 2529
01HQBJPYVGJ3RRSJKE49EFCYDS,Redd,Cousans,12/12/1971,rcousans9e@cyberchimps.com,+44 409 432 1486
01HQBJPYVHWZW5R9Y9FXZ1KQPC,Lonnie,Lampet,05/05/2005,llampet9f@elegantthemes.com,+44 255 355 1980
01HQBJPYVKT87HRTEK3JXMZKWN,Talia,Ivens,11/01/1984,tivens9g@nydailynews.com,+44 319 586 6948
01HQBJPYVMA7S3642HRN3ZTN1Q,Joanne,Stopp,04/08/1970,jstopp9h@livejournal.com,+44 999 322 6076
01HQBJPYVNWA1NENNZCPX8QTVC,Deloria,Cakes,26/08/1958,dcakes9i@behance.net,+44 404 504 7453
01HQBJPYVP9NBRNXGTSHT2ZYBA,Dilan,Attarge,31/12/1957,dattarge9j@comsenz.com,+44 482 259 7981
01HQBJPYVQZKQQ1414YY2M94XZ,Freeman,Pllu,22/02/1956,fpllu9k@miibeian.gov.cn,+44 949 342 7851
01HQBJPYVQTE81YYXP3R5NW3HP,Cassy,Winram,04/08/1951,cwinram9l@wordpress.com,+44 182 186 2696
01HQBJPYVRWJVHR1AWKX9TDPQH,Karrie,Cunrado,06/06/1995,kcunrado9m@t.co,+44 939 325 7506
01HQBJPYVT9NDH0JWSCG05EYT8,Coleman,Dodell,23/02/2004,cdodell9n@fema.gov,+44 330 566 9506
01HQBJPYVVAYNC82TQC1MJNMGS,Axe,Dmitrovic,12/06/1970,admitrovic9o@instagram.com,+44 972 725 2654
01HQBJPYVXE7BHH289T2K0F8XB,Lydia,Rollinson,24/04/1988,lrollinson9p@independent.co.uk,+44 641 335 6761
01HQBJPYVZZ2NR7EY8CJFP3WH1,Emmalyn,Stambridge,05/11/1980,estambridge9q@businesswire.com,+44 695 283 9921
01HQBJPYVZNAM0KXYTJEAQF6DM,Lyon,De Hailes,09/07/1968,ldehailes9r@wikipedia.org,+44 457 676 8937
01HQBJPYW0GCMG19WKT551AESH,Kalina,Durn,21/04/2004,kdurn9s@ted.com,+44 135 643 9483
01HQBJPYW1DX10BQ828FN71YSY,Clemens,Paice,14/12/1978,cpaice9t@mashable.com,+44 522 818 8534
01HQBJPYW3BGY5X0T24DWC6489,Elvis,Saville,22/09/1973,esaville9u@barnesandnoble.com,+44 697 177 3869
01HQBJPYW5FE0JS280VV12QRVC,Annadiana,Howett,16/05/1978,ahowett9v@java.com,+44 439 383 8573
01HQBJPYW6SVCP75S0E647ECVW,Worthy,Macconaghy,08/09/1976,wmacconaghy9w@sciencedirect.com,+44 155 267 4364
01HQBJPYW7TVPYDJ5T1WMG4FSN,Maurise,Sidgwick,30/06/1978,msidgwick9x@gmpg.org,+44 702 574 1510
01HQBJPYW9TVRXB8YYAPTHQ86Q,Wenda,York,27/12/1984,wyork9y@amazon.co.jp,+44 437 365 8946
01HQBJPYWBYDAYW24H8YWTR453,Dorree,Lowndsborough,16/10/1978,dlowndsborough9z@twitter.com,+44 717 321 8308
01HQBJPYWC1NQQRW2R0SAENFZR,Annabella,Hindrick,09/05/1988,ahindricka0@wired.com,+44 991 243 4737
01HQBJPYWEEQ4PE0AMTEYF33JE,Chastity,Domico,04/06/1951,cdomicoa1@answers.com,+44 563 980 5028
01HQBJPYWGB2QN6D1EH0B1KXGV,Marcile,Jizhaki,07/10/1994,mjizhakia2@apache.org,+44 558 315 4031
01HQBJPYWJQEA06W63Q95SEXTJ,Alexine,O'Dennehy,23/02/1961,aodennehya3@1und1.de,+44 636 735 1207
01HQBJPYWKY2YDFF8FCDPPBTT7,Gill,Buddles,08/06/1955,gbuddlesa4@amazon.de,+44 128 641 2763
01HQBJPYWNXJ7KV9NK4EDS64S0,Patience,Tort,12/10/1969,ptorta5@yandex.ru,+44 311 687 0689
01HQBJPYWNBSCF2W72YA26JQE9,Esra,Domone,30/01/1970,edomonea6@narod.ru,+44 154 340 0887
01HQBJPYWP78CM935CWN677ST8,Amalee,Sanbrooke,21/10/1979,asanbrookea7@google.fr,+44 185 427 0480
01HQBJPYWR3522RSXXN5VNKP82,Ambur,Monckton,17/08/1988,amoncktona8@last.fm,+44 639 497 2686
01HQBJPYWS5R4EYDAXBG17J6PA,Matias,Font,27/12/1968,mfonta9@ucsd.edu,+44 200 606 7130
01HQBJPYWVEEX7E7R5JN1RGQVB,Elmira,Elgy,13/09/1951,eelgyaa@huffingtonpost.com,+44 869 432 7689
01HQBJPYWVRGM3ADTHSWTEQJNB,Massimiliano,Arson,11/05/1975,marsonab@nydailynews.com,+44 519 587 6577
01HQBJPYWWA2SD98KDPBM2EQN3,Pembroke,Amberson,25/10/1971,pambersonac@sphinn.com,+44 386 861 9663
01HQBJPYWXSR4S9BXKBJQ6MEA2,Kevyn,Wallicker,13/08/1988,kwallickerad@dyndns.org,+44 676 838 8282
01HQBJPYWY03FV5WYPS036H5AX,Deborah,Tozer,10/11/1995,dtozerae@stanford.edu,+44 369 337 5660
01HQBJPYWZX2MX3BXVR64PTKP7,Vivien,Scottini,11/11/1951,vscottiniaf@google.fr,+44 281 435 9530
01HQBJPYWZ01HE4D4MNRPRY67K,Albina,Klein,07/05/1966,akleinag@nationalgeographic.com,+44 940 597 9641
01HQBJPYX0MTC00KEJ2VRJ9YDM,Lydon,Soigne,26/09/1971,lsoigneah@taobao.com,+44 482 934 9160
01HQBJPYX13X41RYBZ8E8G1T50,Carena,Sailor,20/11/1955,csailorai@tamu.edu,+44 117 823 7578
01HQBJPYX189GDWM94QG77ED2F,Noellyn,Sandyford,14/09/1967,nsandyfordaj@edublogs.org,+44 570 410 2124
01HQBJPYX2K1HYVHS2ZJRJ7CQW,Paton,Robardet,23/06/1964,probardetak@unblog.fr,+44 946 808 3696
01HQBJPYX3EE2R106X1MGFKRPW,Paolina,Spering,28/07/1961,psperingal@usda.gov,+44 500 599 0503
01HQBJPYX3DYMM1DVQGDDMRZ1K,Feodor,Jahn,19/11/1946,fjahnam@mapquest.com,+44 465 731 9274
01HQBJPYX5AW4813Y8KFRJXFJQ,Tymon,Demangeot,31/08/1960,tdemangeotan@domainmarket.com,+44 297 878 5859
01HQBJPYX5A07RS22ECSGEAKXK,Kasper,Cropp,30/05/1978,kcroppao@apple.com,+44 291 790 3581
01HQBJPYX75ZMH5TK2F4EFMH5W,Weylin,Ceccoli,12/11/1993,wceccoliap@hud.gov,+44 436 271 8565
01HQBJPYX8C44ARXXWYHNT74EN,Dallon,Destouche,10/12/1989,ddestoucheaq@nydailynews.com,+44 433 350 0834
01HQBJPYX9N16FK5GPPR5DFGCA,Aluino,Remer,27/02/1998,aremerar@cargocollective.com,+44 790 301 5606
01HQBJPYXA7WNQCXCHV09N4BZH,Pepito,Aspinwall,16/05/1980,paspinwallas@nature.com,+44 753 763 2959
01HQBJPYXB0MF98B34FCPMMRSN,Thatch,Robson,16/07/1995,trobsonat@home.pl,+44 922 217 3909
01HQBJPYXDXRR1X43ZBNSY03WZ,Corny,Stanman,20/09/1980,cstanmanau@reverbnation.com,+44 291 631 2127
01HQBJPYXFCVT920R8J6C8HB9A,Mychal,Skillington,16/09/1998,mskillingtonav@nifty.com,+44 975 154 0077
01HQBJPYXHY3VMB9KXMV86ZYMV,Zondra,Embling,03/07/2003,zemblingaw@addtoany.com,+44 452 257 3039
01HQBJPYXJGQ3HX1HJ7DR18DP8,Merwin,Lippiatt,20/01/1992,mlippiattax@ycombinator.com,+44 206 430 3517
01HQBJPYXKG1EGEG22HM2S11QM,Gabriella,Aleksashin,11/09/1996,galeksashinay@geocities.jp,+44 533 375 7652
01HQBJPYXN84SRENER8H74B3JS,Abbey,Duns,15/01/1998,adunsaz@purevolume.com,+44 150 697 5465
01HQBJPYXQCWN6TEY808BPVV4V,Hamilton,Vannuchi,09/09/1964,hvannuchib0@nhs.uk,+44 119 258 5437
01HQBJPYXRGX79A1DNGMJC8WY3,Delano,Meeland,19/06/1961,dmeelandb1@nps.gov,+44 630 683 7260
01HQBJPYXTSN5GPX5VRBP4B4HJ,Dalli,Wedgbrow,09/02/1950,dwedgbrowb2@eventbrite.com,+44 591 163 9032
01HQBJPYXVC7E510C74FDFZ9YK,Yorgo,Jimmison,09/03/1990,yjimmisonb3@dion.ne.jp,+44 375 177 2902
01HQBJPYXW5CM31T78H6DGZFK5,Nikolaos,Mobius,23/07/1986,nmobiusb4@deliciousdays.com,+44 839 599 9344
01HQBJPYXX9DV9R5ZW0JTFPH6W,Wendeline,O'Fihillie,11/09/2003,wofihillieb5@cnn.com,+44 813 379 0534
01HQBJPYXXQ89YZ7ZNN677KXAA,Sandye,Sugars,29/10/1974,ssugarsb6@jalbum.net,+44 633 727 8941
01HQBJPYXY46DF1W3DAC33190D,Kerby,Kells,28/07/1953,kkellsb7@altervista.org,+44 528 195 8430
01HQBJPYXZ3N5QRJ6HZBJ8JN2Z,Paten,Bigglestone,22/03/2001,pbigglestoneb8@smh.com.au,+44 884 719 1406
01HQBJPYY13XAMEC2YEA9WGC45,Carena,Barczewski,28/09/1945,cbarczewskib9@dyndns.org,+44 676 874 5395
01HQBJPYY3EYJE0YYZ1A351JXB,Malva,Hillum,06/09/1975,mhillumba@virginia.edu,+44 409 212 4596
01HQBJPYY554KCY7RQVDQK8DWZ,Gareth,Parsell,12/02/1951,gparsellbb@cisco.com,+44 792 212 0704
01HQBJPYY5YCE8JN2QABTS4X2M,Atalanta,Kidds,09/04/1950,akiddsbc@boston.com,+44 653 804 8929
01HQBJPYY6PGS2KZG66CHSANKJ,Orton,Belcham,17/11/1950,obelchambd@google.pl,+44 441 296 7284
01HQBJPYY7ZF1DW5DXX58FAD4Y,Ferdie,Blowfield,17/11/1966,fblowfieldbe@myspace.com,+44 274 157 0760
01HQBJPYY8C8TXAMCNV2WA483V,Aigneis,Ruecastle,17/11/1971,aruecastlebf@artisteer.com,+44 397 462 8190
01HQBJPYY8C5G16ECWT2PNPPFY,Durant,Romanelli,27/08/1987,dromanellibg@skyrock.com,+44 826 603 4613
01HQBJPYY9J4VCDBDG48XDFT6V,Andrus,Veivers,05/02/1990,aveiversbh@themeforest.net,+44 899 235 9859
01HQBJPYYADQWHF726KTAJTATN,Whitney,Hurlin,11/06/1993,whurlinbi@clickbank.net,+44 811 443 3233
01HQBJPYYA0PFWJ5SPHWPYB28V,Caitlin,Eden,31/03/1950,cedenbj@goodreads.com,+44 855 373 1103
01HQBJPYYB81C8FK0ADYSP2ZDK,Thayne,Moyers,24/05/1990,tmoyersbk@europa.eu,+44 945 664 4980
01HQBJPYYCG19R4SF8TAG1QM05,Raffaello,Stuchberry,01/09/2000,rstuchberrybl@oakley.com,+44 772 330 3593
01HQBJPYYDJKNS5TYX91X7KKF5,Andree,Duguid,16/06/1962,aduguidbm@apple.com,+44 840 340 2679
01HQBJPYYEDYRVWSSPWDRP5RGD,Worthington,Toolin,19/04/1992,wtoolinbn@reference.com,+44 702 556 8833
01HQBJPYYF7ST51TDKHZSXXPA0,Waring,Heinlein,26/08/1991,wheinleinbo@msu.edu,+44 310 720 4360
01HQBJPYYG7QA6PX3MKM0YGHAY,Eleen,Palethorpe,27/12/1967,epalethorpebp@hatena.ne.jp,+44 996 503 9181
01HQBJPYYJ3W8DRTW9K06F2H8N,Jerrold,Fransseni,15/11/1963,jfranssenibq@nbcnews.com,+44 973 440 1896
01HQBJPYYMYGG3D5S1PJZ750QE,Tommi,Dabnot,18/12/1996,tdabnotbr@mapquest.com,+44 340 905 7441
01HQBJPYYPNX12EKMD2CEWBRTD,Sunny,Lipscombe,08/02/1976,slipscombebs@e-recht24.de,+44 716 613 6471
01HQBJPYYQ0PER5G6PEHPX1MY2,Dacey,Mariolle,11/10/1996,dmariollebt@msu.edu,+44 812 330 0701
01HQBJPYYSKZ6F7VZ8SFBKP7Y8,Cullan,Hulmes,11/10/1986,chulmesbu@accuweather.com,+44 784 461 1012
01HQBJPYYVK49XYRYHZC7VXGRW,Alexis,Joiris,13/02/1968,ajoirisbv@bravesites.com,+44 198 640 7624
01HQBJPYYVRG8DYYPVM5QGTEY5,Terrijo,Furphy,25/08/1992,tfurphybw@icq.com,+44 703 727 7422
01HQBJPYYW92V5RFVEDG267XNV,Allix,Baddow,02/03/1979,abaddowbx@tinyurl.com,+44 432 975 7352
01HQBJPYYX2Y9MCTCG74M964XP,Harriot,Montilla,23/04/1961,hmontillaby@dailymail.co.uk,+44 868 917 9783
01HQBJPYYXE1DS8Y3RYYY2BBWV,Buddie,Carlow,12/12/1963,bcarlowbz@auda.org.au,+44 767 899 7599
01HQBJPYYY74H5HWS4NGX3SKYN,Samaria,Bogays,03/03/1974,sbogaysc0@spiegel.de,+44 211 923 0210
01HQBJPYYZ32FN93X2FGA44HV8,Colline,Fitzsymons,06/08/1990,cfitzsymonsc1@unc.edu,+44 480 264 8271
01HQBJPYZ05EQHEH493Y8B4WVC,Leshia,Tzarkov,17/07/1973,ltzarkovc2@themeforest.net,+44 948 259 7155
01HQBJPYZ03YPB8XPFJA8E5CRX,Trenna,Judson,29/03/1995,tjudsonc3@photobucket.com,+44 489 747 8867
01HQBJPYZ2X8B5S9JM5VGFYX2A,Clarey,Kuschek,09/04/1956,ckuschekc4@latimes.com,+44 993 630 3045
01HQBJPYZ3Z74SGCVRE751RG9B,Hamid,Guile,11/07/1988,hguilec5@goo.gl,+44 843 524 9954
01HQBJPYZ5P0AJJ08CRC4DW73F,Gabriella,Geelan,13/02/1967,ggeelanc6@patch.com,+44 225 639 1174
01HQBJPYZ53SWXRRRJBQ919BHD,Josefa,Bulleyn,05/08/1984,jbulleync7@sakura.ne.jp,+44 820 134 2421
01HQBJPYZ69XXRZ4V8AE0ZP4Y9,Mikkel,Jarrelt,17/10/1994,mjarreltc8@eventbrite.com,+44 516 364 0876
01HQBJPYZ7W2WX3229KEM7PENK,Daisey,Traske,19/06/1963,dtraskec9@networkadvertising.org,+44 691 586 9200
01HQBJPYZ8PA0SHJTY2BRXR9EJ,Durand,Wyd,12/11/1946,dwydca@globo.com,+44 703 215 8295
01HQBJPYZ8WDCX13P4XXG5Y30N,Coriss,Satcher,17/11/1978,csatchercb@fotki.com,+44 965 605 6496
01HQBJPYZ9HTCQQVGRDWAY5815,Maurizia,Wathell,15/01/1998,mwathellcc@theguardian.com,+44 337 366 2759
01HQBJPYZAKHJEX4B6063S8DQT,Cammi,Howie,02/05/1947,chowiecd@aol.com,+44 487 636 4671
01HQBJPYZAKKDT005TXN0T8ANF,Caye,Fernan,11/08/1945,cfernance@state.gov,+44 108 520 9988
01HQBJPYZBH7KTNGMCE9YYBSNP,Merwyn,Cust,20/07/1980,mcustcf@privacy.gov.au,+44 212 969 8116
01HQBJPYZC91296EGEWWRJN7C7,Stanton,Ilymanov,10/10/1953,silymanovcg@canalblog.com,+44 441 198 0603
01HQBJPYZCFR87M60ZJ2V4XJ43,Patricio,Sutherington,22/08/1997,psutheringtonch@psu.edu,+44 799 730 0785
01HQBJPYZDDNAC8MN9GEWNV47M,Iggie,Slite,30/05/1997,isliteci@apple.com,+44 516 565 7584
01HQBJPYZEWHX5WQDXZ3X3G8WT,Adam,Capitano,22/06/1972,acapitanocj@live.com,+44 145 632 1207
01HQBJPYZFQXR5X6QQMSY1ANRV,Cleon,Tadgell,09/07/1972,ctadgellck@exblog.jp,+44 433 531 8723
01HQBJPYZFJM6A9HW125SA1NV4,Dorrie,Brooke,16/06/1946,dbrookecl@google.fr,+44 739 335 3537
01HQBJPYZGWCW5T6TQMRTMY852,Blayne,Siddeley,21/12/1985,bsiddeleycm@amazon.co.jp,+44 206 359 6493
01HQBJPYZGBGRGY6AYQ0SPK3BY,Amalita,Castagneto,12/06/1951,acastagnetocn@wikimedia.org,+44 163 579 6156
01HQBJPYZHRVWYMP96YD009V6Z,Fanny,Standingford,09/03/1992,fstandingfordco@xing.com,+44 353 653 0907
01HQBJPYZJHMT1P1ND7ZJVKRMZ,Garwood,Chazelas,20/01/1977,gchazelascp@linkedin.com,+44 339 847 9487
01HQBJPYZJ0RWE349Q5F0TX7KZ,Bern,Meakin,11/08/1988,bmeakincq@yellowpages.com,+44 381 137 0073
01HQBJPYZKHHD8Q4JFT4FM01VD,Essa,Zaniolini,20/05/1958,ezaniolinicr@newyorker.com,+44 278 340 3233
01HQBJPYZN7XTCQ756ZPG55Y9A,Hamlin,Fluger,21/09/1965,hflugercs@eepurl.com,+44 290 159 7828
01HQBJPYZPP05Q2A7TSZX2GJ35,Jeana,Tie,12/01/1991,jtiect@sakura.ne.jp,+44 519 401 6628
01HQBJPYZQZJBW5RGT7R6S3V55,Ginni,Ivel,24/06/1972,givelcu@so-net.ne.jp,+44 182 753 4701
01HQBJPYZS98RG9EZJJ6A0N8KC,Luciano,Loade,30/09/1962,lloadecv@mac.com,+44 551 624 9103
01HQBJPYZTCG3VXZJ1QJHE9ETZ,Claudia,Hampe,23/10/1997,champecw@ning.com,+44 212 975 9654
01HQBJPYZV8ACMD1DA33ZGEF5T,Devin,Zimek,16/05/1987,dzimekcx@tamu.edu,+44 729 812 0544
01HQBJPYZXPHTH3NT56K5FJS55,Marybeth,Isted,19/07/1986,mistedcy@nih.gov,+44 218 353 5868
01HQBJPYZYXBTQKDEBYDA4WA0B,Agatha,Rudsdell,16/07/1999,arudsdellcz@ifeng.com,+44 474 308 3123
01HQBJPYZZBH936HVNHHWE0H89,Sheba,Mattiello,04/01/1962,smattiellod0@ehow.com,+44 515 409 4324
01HQBJPZ01MNYH7CNF4C278QSZ,Mal,Forri,06/12/1962,mforrid1@livejournal.com,+44 517 508 5313
01HQBJPZ02HDD1Y99HC3PD0C7F,Orson,Thomann,24/04/1952,othomannd2@opensource.org,+44 948 666 0423
01HQBJPZ03GTQ594314RCVX6F6,Brynn,Vasyagin,01/02/1955,bvasyagind3@delicious.com,+44 340 677 2220
01HQBJPZ05CFX5RAJH8E5HGSDT,Netty,Daglish,15/12/1963,ndaglishd4@google.nl,+44 269 185 1610
01HQBJPZ060ZMR5Y39A7M5NHR0,Sophi,Sellstrom,15/03/1948,ssellstromd5@networksolutions.com,+44 932 666 3648
01HQBJPZ074KG9Y0T5WSHCHC79,Maxwell,Capelow,07/08/1983,mcapelowd6@parallels.com,+44 826 382 7898
01HQBJPZ083TX9KE870DHCFAH6,Ethelda,Novik,25/07/1955,enovikd7@twitter.com,+44 907 442 4610
01HQBJPZ093NHEAY8C8KA78YQK,Des,Byars,02/03/1993,dbyarsd8@fema.gov,+44 812 919 4543
01HQBJPZ0BFN682NW41HDSQWPR,Irina,Bourhill,19/02/1977,ibourhilld9@scribd.com,+44 732 661 5628
01HQBJPZ0CJM3XVH9KBSA2NB7F,Alex,Wicks,01/11/1976,awicksda@tumblr.com,+44 187 342 5637
01HQBJPZ0DZ9N1KMH8X82RNM2B,Cindelyn,Inman,02/11/1964,cinmandb@dyndns.org,+44 983 812 7125
01HQBJPZ0EMEXR1ZWTSH36VS4T,Carey,Bligh,20/04/1984,cblighdc@timesonline.co.uk,+44 176 269 3704
01HQBJPZ0GRSVHQEPBHA2FKKAM,Shantee,McMahon,05/07/2002,smcmahondd@surveymonkey.com,+44 142 892 1937
01HQBJPZ0HM43R41EH1584JEJB,Skip,Keech,16/06/2000,skeechde@psu.edu,+44 760 522 1471
01HQBJPZ0J3X5595RGQ7RDMDTQ,Forrest,Graser,13/05/1970,fgraserdf@apache.org,+44 870 586 1218
01HQBJPZ0KGGKMS7P4J9MWKMXN,Tailor,Shale,11/08/1965,tshaledg@mail.ru,+44 892 629 9047
01HQBJPZ0NZYRWXXXNH8VA7CY0,Seamus,Maliphant,10/12/1986,smaliphantdh@canalblog.com,+44 235 147 0931
01HQBJPZ0QQZ03FMQAHZ87SJ6Z,Lorie,Klicher,03/12/2003,lklicherdi@amazon.de,+44 536 801 8065
01HQBJPZ0R72R6MSZ417J14DYA,Yorke,Cridland,01/12/1982,ycridlanddj@spotify.com,+44 762 317 5202
01HQBJPZ0TWB0179E2W2G22WGX,Devan,Botten,14/09/1964,dbottendk@posterous.com,+44 987 700 9765
01HQBJPZ0W7GC81BT5BP4HK4CY,Kienan,Debrick,05/07/2002,kdebrickdl@vistaprint.com,+44 448 369 9535
01HQBJPZ0YHZN6VR0E0X0NT52H,Riva,Webberley,22/07/1954,rwebberleydm@ifeng.com,+44 896 937 9466
01HQBJPZ0ZDGF8NJV2X2T040EF,Ilene,Murcutt,05/01/1992,imurcuttdn@icq.com,+44 799 463 3156
01HQBJPZ111JQCDJSMJZ4Z79PJ,Gordan,O'Fogarty,23/08/1992,gofogartydo@uol.com.br,+44 900 656 2761
01HQBJPZ11TN9995QQCCTJPCA1,Red,Aubri,27/07/1946,raubridp@bloomberg.com,+44 698 290 1556
01HQBJPZ13Q8A4X1AYNH46HEWK,Ingaberg,Leward,29/03/2004,ilewarddq@eepurl.com,+44 963 305 3021
01HQBJPZ14C4ZVQDNGCC3ZJCCP,Trudey,Champniss,09/02/1976,tchampnissdr@nationalgeographic.com,+44 929 509 1839
01HQBJPZ148VD85M7QQ4MCXX55,Iormina,Gillean,02/07/1994,igilleands@slate.com,+44 655 456 8840
01HQBJPZ15K1KX8G4XDBHYXP39,Britney,Semrad,17/09/1967,bsemraddt@paypal.com,+44 704 569 8672
01HQBJPZ16PH6ZRYJH98M9BPBW,Alika,Purry,11/08/1954,apurrydu@blogs.com,+44 871 256 6380
01HQBJPZ16TEHF4FH4R4Z98S87,Celestia,Ipsley,29/05/1977,cipsleydv@github.com,+44 289 429 4365
01HQBJPZ17F2A637M6TP07CZDW,Cyndie,Wyson,02/06/2000,cwysondw@cdbaby.com,+44 872 142 6609
01HQBJPZ1KBS62RD6GQEBPJW04,Dorine,Sherrum,21/01/1957,dsherrumdx@flavors.me,+44 515 942 7416
01HQBJPZ1MZVV9NJPDP13GEDF2,Mala,Macrow,15/08/1951,mmacrowdy@nature.com,+44 473 747 8736
01HQBJPZ1M246ZN6Y315TVCKRC,Kain,Juza,23/04/1984,kjuzadz@cbc.ca,+44 982 159 6265
01HQBJPZ1PPC8N6PV407W631KH,Frederic,Rasch,16/10/1951,frasche0@csmonitor.com,+44 666 488 2485
01HQBJPZ1P7PRXS7GV5X3B3468,Sidney,Morforth,09/01/1948,smorforthe1@salon.com,+44 380 454 8524
01HQBJPZ1QJK69W19CPCD1DSVF,Dniren,Iannuzzelli,10/08/1996,diannuzzellie2@youku.com,+44 400 174 4165
01HQBJPZ1RFZ9RB5ZB2G6BP6ZG,Corly,Andrei,09/10/1958,candreie3@example.com,+44 512 973 8212
01HQBJPZ1S0MG44ATH1TFVH1W5,Aleta,Lovelady,15/07/2001,aloveladye4@soundcloud.com,+44 151 987 0559
01HQBJPZ1SFV9Y87WJW6BJ22ZN,Carlos,Snowsill,24/06/2003,csnowsille5@amazonaws.com,+44 671 988 0862
01HQBJPZ1TAT6RR65YV5ZECQF5,Urbanus,Merrington,04/07/2002,umerringtone6@reddit.com,+44 881 315 7869
01HQBJPZ1VF6MYB98X6505CTVX,Grier,Fayers,05/10/1980,gfayerse7@army.mil,+44 195 649 8489
01HQBJPZ1WJCAMWJWYNFKQX4MN,Jenifer,Herreran,31/03/1949,jherrerane8@g.co,+44 852 809 5401
01HQBJPZ1WWPW436CWYQJWPPJB,Parnell,Waryk,11/02/1989,pwaryke9@prlog.org,+44 567 830 4146
01HQBJPZ1XMNDSEQ519NE6GCGD,Tedda,Fidgeon,09/09/1959,tfidgeonea@wikia.com,+44 562 963 0262
01HQBJPZ1Y1A6E8J5RJ566776H,Delcina,Askew,27/03/1976,daskeweb@ning.com,+44 655 664 6097
01HQBJPZ1YT6GAZ0NFC5W85BXB,Barnabas,Stollhofer,23/01/1957,bstollhoferec@house.gov,+44 262 727 4138
01HQBJPZ1ZAXE0PBK084NE6T4N,Biddie,Sainz,18/07/1989,bsainzed@behance.net,+44 778 351 3155
01HQBJPZ204HGWBWZTQ6SAHQZ7,Charita,Smallpiece,17/12/1979,csmallpieceee@intel.com,+44 258 882 4620
01HQBJPZ2105G5Q9BEPHACG8W1,Dougy,Runsey,09/06/1996,drunseyef@umn.edu,+44 169 605 8862
01HQBJPZ22P3Z0M7WKE7QHXX1T,Veradis,Franca,29/09/1962,vfrancaeg@goo.gl,+44 958 761 0258
01HQBJPZ22K323BEXWT5263YJ1,Roxane,Gley,07/08/1973,rgleyeh@taobao.com,+44 325 985 3444
01HQBJPZ23ZAP6SPBNBKJ3AZ16,Town,Jeckells,10/01/1972,tjeckellsei@cnbc.com,+44 216 633 6765
01HQBJPZ24H34GSER2HJTKFXFV,Irvine,Serman,26/06/2003,isermanej@paginegialle.it,+44 727 872 3756
01HQBJPZ24Z0D5JQB31FNXDBT8,Adore,Diack,17/10/1963,adiackek@paginegialle.it,+44 283 186 1487
01HQBJPZ251TEBQGADG5GXBW80,Cherie,Enrdigo,21/06/1978,cenrdigoel@blog.com,+44 360 436 4708
01HQBJPZ26B46TGT9582C85J2W,Yardley,Kibbee,21/07/2003,ykibbeeem@biblegateway.com,+44 964 216 9658
01HQBJPZ26E8WX0X5YRAGS59CZ,Yancy,Calvert,21/08/1988,ycalverten@psu.edu,+44 646 878 0368
01HQBJPZ27YN3AHS566F5XZ0TX,Matthus,Yarrall,03/01/1990,myarralleo@cmu.edu,+44 463 965 6115
01HQBJPZ28501R4XH58WP7JJ5D,Gus,Grigaut,22/01/1998,ggrigautep@altervista.org,+44 231 934 7418
01HQBJPZ28BAVVGJHYBNZG3WEZ,Nancey,Singh,05/12/1971,nsingheq@nature.com,+44 602 399 6415
01HQBJPZ29E84KDPDJ3112V4H7,Cory,Prestige,17/09/1958,cprestigeer@drupal.org,+44 519 573 9334
01HQBJPZ2A7KDBY3H33EY6FNNP,Mariska,Bowart,19/06/1952,mbowartes@oakley.com,+44 833 381 0712
01HQBJPZ2AV3R7WY6GVE7M9WDS,Shandee,Jerred,14/10/2001,sjerredet@creativecommons.org,+44 785 875 9525
01HQBJPZ2BZ8MXA998V9EKHCQP,Karl,Knowller,22/06/1976,kknowllereu@odnoklassniki.ru,+44 896 632 1722
01HQBJPZ2C1HQNSZABKW7G6V6Q,Davie,Beedie,15/01/1954,dbeedieev@java.com,+44 200 996 9699
01HQBJPZ2DZW8YD15QFXSM3F02,Bail,Josham,16/09/1954,bjoshamew@google.ca,+44 299 301 5189
01HQBJPZ2D6XABMBFZEAZKTPSS,Martynne,Keyson,28/02/1954,mkeysonex@washington.edu,+44 805 703 3680
01HQBJPZ2ER7K88NPSVK236HKJ,Maryjo,Tree,04/04/1997,mtreeey@prlog.org,+44 658 185 8680
01HQBJPZ2FAQK99W7VZ3Q28NHQ,Errick,Cowdrey,02/02/1988,ecowdreyez@reference.com,+44 638 391 8315
01HQBJPZ2F1ZBV36DAPHWK3FBC,Flemming,Fernez,08/11/1995,ffernezf0@dion.ne.jp,+44 213 843 7216
01HQBJPZ2G2XNA2E3W0DS5VFVZ,Kira,Kohler,06/10/1972,kkohlerf1@twitpic.com,+44 949 974 0245
01HQBJPZ2HG1RCD0FGQ3643Z5G,Jervis,Grimley,31/10/1974,jgrimleyf2@ibm.com,+44 342 767 7824
01HQBJPZ2H92QJ3S6AGBABG2WW,Deeanne,Urwin,25/08/1963,durwinf3@businessinsider.com,+44 946 986 1512
01HQBJPZ2JK6JEJF06BEN1ZTAH,Merl,Gunnell,16/08/1952,mgunnellf4@mashable.com,+44 726 819 6994
01HQBJPZ2K44JKV73RV2JA06PR,Rae,Congdon,08/01/1952,rcongdonf5@fotki.com,+44 302 409 2464
01HQBJPZ2M6RGGPST73T91NAJX,Garrett,Crohan,30/07/1980,gcrohanf6@illinois.edu,+44 197 667 8774
01HQBJPZ2NJCNBZF1HVN6J1FJW,Obie,Sunock,17/01/1963,osunockf7@clickbank.net,+44 118 754 5928
01HQBJPZ2NEX4V6M5ZJMYNWVE1,Lelia,Blaxall,16/08/1977,lblaxallf8@51.la,+44 177 201 3874
01HQBJPZ2P774AS22SSM1G0EM4,Hubey,Gillice,13/10/1979,hgillicef9@state.tx.us,+44 661 450 5284
01HQBJPZ2QQ2BX2WZNBYKXY2B9,Dwayne,Huntar,14/04/1958,dhuntarfa@livejournal.com,+44 784 771 5304
01HQBJPZ2QK3ZNBE5DEGTDPD6X,Dorian,Draxford,09/10/1980,ddraxfordfb@sun.com,+44 141 803 7400
01HQBJPZ2RNMCMK8DJH9DFANM3,Nicole,Ankers,15/11/1992,nankersfc@blogspot.com,+44 203 293 5353
01HQBJPZ2SHQ0TC00V0VRYYWTX,Barron,Legendre,18/11/1956,blegendrefd@uiuc.edu,+44 235 295 4712
01HQBJPZ2SJ9NB7CSP6M0G1HM2,Iormina,Orbell,18/03/1987,iorbellfe@mayoclinic.com,+44 163 826 9761
01HQBJPZ2TM81TXR17T9BC8778,Arlena,Argontt,19/07/1947,aargonttff@wisc.edu,+44 908 393 9178
01HQBJPZ2VH13Q2HVFT73KTXCG,Eldon,Rosell,02/05/1981,erosellfg@tumblr.com,+44 283 561 0846
01HQBJPZ2WB75VC99X6E6548H9,Nichole,Fontelles,27/11/1963,nfontellesfh@chicagotribune.com,+44 991 908 6403
01HQBJPZ2W0ESXZQDY2KYXPT52,Tammara,Conaghan,17/12/1994,tconaghanfi@sun.com,+44 960 413 3692
01HQBJPZ2X76F8ZWHN4GGRVWTP,Tristam,Murthwaite,17/03/1950,tmurthwaitefj@flavors.me,+44 401 444 4589
01HQBJPZ2YA7596963DBTKFSM9,Debor,Sowray,04/05/1986,dsowrayfk@spotify.com,+44 955 331 7963
01HQBJPZ2YQR4WBK07ZGQB2BH7,Tymothy,Shadfourth,28/09/1972,tshadfourthfl@businesswire.com,+44 604 385 7795
01HQBJPZ2Z1HJP6C9CVA1AMJW2,Carin,Whyke,04/10/1968,cwhykefm@is.gd,+44 767 135 9407
01HQBJPZ305N785TTMEQ1SNN9Z,Robinet,Sprague,28/09/1947,rspraguefn@zdnet.com,+44 165 873 6439
01HQBJPZ31SZ8C2CP4JT9YT63H,Calida,Pawle,16/08/1969,cpawlefo@sina.com.cn,+44 285 597 7778
01HQBJPZ318BACKFMRV5XR4K1T,Natala,Joseff,08/07/1949,njosefffp@japanpost.jp,+44 284 683 4061
01HQBJPZ321KSH6WJ1AK5WQXRD,Cord,Spritt,09/02/1970,csprittfq@timesonline.co.uk,+44 800 856 0886
01HQBJPZ33HZQTXWJAW7KD4SHW,Anita,Lissaman,23/08/1969,alissamanfr@biblegateway.com,+44 317 429 8982
01HQBJPZ33RVKD78S8SYNJH9Z1,Joeann,Drewell,20/01/2000,jdrewellfs@opera.com,+44 855 267 4183
01HQBJPZ3512BFYA2AVAVMZMEA,Genvieve,Delaney,07/07/1996,gdelaneyft@drupal.org,+44 431 116 3791
01HQBJPZ35QDKBHZ3WEYNJVEW7,Egan,Jiroudek,28/01/1997,ejiroudekfu@pcworld.com,+44 708 308 7480
01HQBJPZ36D1APDA7XX6S58VCX,Shelagh,Milkin,27/11/1963,smilkinfv@google.com.hk,+44 414 599 3378
01HQBJPZ374MK697C61VZMP3N1,Marysa,Ettritch,01/07/1958,mettritchfw@slate.com,+44 502 116 4819
01HQBJPZ37CXMSZEYE7ZRG3QWR,Lauren,Langhorn,09/01/1954,llanghornfx@apple.com,+44 970 573 0968
01HQBJPZ39083SEYEY72Q2YVG2,Nichol,Denyagin,02/02/1945,ndenyaginfy@hugedomains.com,+44 647 776 1691
01HQBJPZ39RJJP313H9NX1VRKF,Gabi,Rolinson,29/05/1971,grolinsonfz@cpanel.net,+44 401 468 5562
01HQBJPZ3AD6TRES6Z3TN32S8G,Alano,Claybourn,11/04/1964,aclaybourng0@shop-pro.jp,+44 481 297 0476
01HQBJPZ3BE715J0KFG2047KYN,Wanda,Warrick,26/03/1978,wwarrickg1@creativecommons.org,+44 297 871 4228
01HQBJPZ3B1BJ5EG09WJPY0BC8,Mureil,Way,06/06/2004,mwayg2@delicious.com,+44 376 760 0694
01HQBJPZ3C7HPBSRWPX59ZT7B0,Dara,Della Scala,08/03/1969,ddellascalag3@ted.com,+44 962 579 3941
01HQBJPZ3DEQFG0HEAQYG9VZ7D,Sabine,Emptage,12/10/1987,semptageg4@mapy.cz,+44 434 206 1192
01HQBJPZ3D79N15EDBABAPM5TA,Hallie,Elsmere,23/05/1989,helsmereg5@cisco.com,+44 361 857 9468
01HQBJPZ3ESV9T0G0EZMK6T7ZN,Bevin,Agett,21/09/1988,bagettg6@plala.or.jp,+44 212 227 0725
01HQBJPZ3FAG9A5X64RWR7T0YT,Pierette,Fido,30/04/1948,pfidog7@deliciousdays.com,+44 981 504 8098
01HQBJPZ3FM1MXV0AEGN47D7XJ,Martha,Pengelly,30/03/2004,mpengellyg8@shop-pro.jp,+44 202 454 8017
01HQBJPZ3GKH02637ZS218S66P,Shirlee,Halksworth,10/07/1956,shalksworthg9@google.pl,+44 807 650 0491
01HQBJPZ3HZTFPC8KWJMTF0C70,Lizzie,Frewer,19/01/1951,lfrewerga@imdb.com,+44 574 390 1650
01HQBJPZ3JK1GFAY18DM8SDMHF,Laurie,Snawden,13/10/1999,lsnawdengb@mayoclinic.com,+44 306 828 7683
01HQBJPZ3J0BZKDVPAECEY8F26,Tally,Gosnall,10/05/1952,tgosnallgc@chron.com,+44 101 797 2434
01HQBJPZ3K895A5PGTR7XARNE1,Sascha,Jirick,17/02/2000,sjirickgd@usnews.com,+44 273 998 9455
01HQBJPZ3MH9N2NN057XRGFZ3N,Klarika,Bulcroft,04/01/1996,kbulcroftge@bravesites.com,+44 478 570 2349
01HQBJPZ3MCPE1ZZR1S158R3KQ,Rutger,Scholard,04/08/1951,rscholardgf@soup.io,+44 312 282 4244
01HQBJPZ3NF4KQAVHCT6NZ4Q0P,Gloriane,Grimmer,05/07/1994,ggrimmergg@taobao.com,+44 402 958 9228
01HQBJPZ3PN2P9TQ73BC6QDC0J,Andriette,Dy,02/11/1982,adygh@utexas.edu,+44 417 145 1873
01HQBJPZ3PXFSK85Y2M1ZGJEZG,Baillie,Eslemont,02/05/1981,beslemontgi@furl.net,+44 614 101 8882
01HQBJPZ3QXFE3BPSZX39FKRJV,Betteann,Physic,10/04/1972,bphysicgj@live.com,+44 576 813 3514
01HQBJPZ3RFRSJT5XHMZYD0G55,Pamelina,Burcombe,02/07/1984,pburcombegk@purevolume.com,+44 247 568 9267
01HQBJPZ3S182Z5KAQ63S8DCKQ,Tab,Skittles,19/01/1994,tskittlesgl@craigslist.org,+44 585 555 2059
01HQBJPZ3SXC1WGJC7XVZHNSY3,Annora,Le Fleming,26/02/1987,alefleminggm@ibm.com,+44 680 618 5467
01HQBJPZ3TPS7W5TBDNT01PRG6,Egan,Balog,03/02/1988,ebaloggn@umich.edu,+44 411 960 0261
01HQBJPZ3VJC57EGMHHB6G0FV0,Sarajane,Leving,19/11/1949,slevinggo@statcounter.com,+44 621 624 2312
01HQBJPZ3VC9WVES7VQ163TVEE,Blythe,Daffey,28/10/1979,bdaffeygp@nasa.gov,+44 403 355 9419
01HQBJPZ3W3REVB40P2PHWRZGW,Clemens,Haithwaite,14/02/1974,chaithwaitegq@gmpg.org,+44 639 784 1583
01HQBJPZ3XXEA5R8NBDK5RNN6E,Margy,Thecham,27/10/2005,mthechamgr@cnbc.com,+44 689 403 6873
01HQBJPZ3YK5C315WV8Y0DTBY3,Jesselyn,Andrick,14/04/1982,jandrickgs@cdc.gov,+44 152 993 5735
01HQBJPZ3YB0T832MJW6QDA51N,Di,Shotton,02/01/1981,dshottongt@cisco.com,+44 708 310 8395
01HQBJPZ3ZSQG9DCSW1V3EF26B,Fernanda,Bourbon,12/11/2001,fbourbongu@a8.net,+44 590 670 8169
01HQBJPZ402AK29G0E9D5ZX5P8,Sharyl,Pigot,10/09/1996,spigotgv@wikipedia.org,+44 694 778 0977
01HQBJPZ400J9TYNWA8RAJ51M9,Jakob,Swoffer,13/07/1950,jswoffergw@smugmug.com,+44 561 762 3577
01HQBJPZ41YHS71YCY923F0K5C,Romy,Ingray,01/02/1998,ringraygx@reference.com,+44 114 424 2647
01HQBJPZ42819G0AE64MK9E8HH,Coralie,Nestle,21/08/1962,cnestlegy@barnesandnoble.com,+44 965 469 9576
01HQBJPZ42F18ZT3GSC26CXA10,Isidor,Cudiff,09/06/1964,icudiffgz@jugem.jp,+44 781 323 2195
01HQBJPZ43VJMCPH224RX60D79,Gabriele,Goward,04/11/1966,ggowardh0@umn.edu,+44 748 134 7384
01HQBJPZ44ZEJPF1ZEZ3KRB319,Korella,Render,07/01/2004,krenderh1@etsy.com,+44 840 253 4037
01HQBJPZ45SC7WASDJ781ERASX,Reyna,Stit,08/02/1982,rstith2@wikipedia.org,+44 296 402 7542
01HQBJPZ4503WADJTK3E5B00A9,Mahmoud,Davidovic,09/08/1987,mdavidovich3@altervista.org,+44 582 882 2561
01HQBJPZ46YJHH0SES3485183N,Cassius,Kleinber,21/07/1960,ckleinberh4@lulu.com,+44 148 245 1787
01HQBJPZ47PAWNQHW2VYD6EFDX,Nedda,Stanning,22/11/2000,nstanningh5@ifeng.com,+44 865 942 1466
01HQBJPZ48J74NYNPJYDM6B6GK,Siegfried,Loude,12/12/1984,sloudeh6@bigcartel.com,+44 914 863 0338
01HQBJPZ49192EX4Z5PQNNCKE8,Clementine,Callinan,13/03/1990,ccallinanh7@altervista.org,+44 597 724 8572
01HQBJPZ49BXJCWBTAPXSTZXSX,Pascale,Stebbins,17/06/1991,pstebbinsh8@bbc.co.uk,+44 755 581 8734
01HQBJPZ4AMSNNA479TAYB5FP3,Tucker,Kadar,16/06/1960,tkadarh9@hostgator.com,+44 795 214 3131
01HQBJPZ4BK10X9N1RD1FQGW83,Sinclare,Klasing,02/05/1952,sklasingha@tiny.cc,+44 815 115 2255
01HQBJPZ4CKBV7WNN2DER5SQ64,Jody,Dundridge,20/03/1952,jdundridgehb@angelfire.com,+44 416 906 1330
01HQBJPZ4C8KE1Y6A0ME35D5P7,Francine,Sidsaff,18/11/1953,fsidsaffhc@marriott.com,+44 937 179 0161
01HQBJPZ4D76MQGAF61AE0TPRC,Malia,Sporrij,11/09/1971,msporrijhd@google.fr,+44 649 636 6576
01HQBJPZ4E9VMWMSXG0Z9JY0PC,Nadiya,Northin,21/08/1992,nnorthinhe@baidu.com,+44 847 622 9113
01HQBJPZ4F4SZMHBG800ZQWF1V,Orelle,Jobin,16/12/1974,ojobinhf@youtube.com,+44 994 486 8487
01HQBJPZ4FRT8M54G51JQZ0B05,Homer,Muck,14/09/2001,hmuckhg@g.co,+44 823 884 5912
01HQBJPZ4GHNKQHY7TX945HBPA,Marshal,Ashton,28/02/1978,mashtonhh@ustream.tv,+44 197 598 0129
01HQBJPZ4HYQX6FJQSGVG1RTSK,Odie,Eaglestone,10/12/1996,oeaglestonehi@blog.com,+44 428 305 3367
01HQBJPZ4JHZ69SZK0SHW7Q1QM,Bendix,Godfrey,24/10/1947,bgodfreyhj@theguardian.com,+44 181 102 1442
01HQBJPZ4K18VVREXV2H20M969,Allie,Brayley,01/06/1956,abrayleyhk@rakuten.co.jp,+44 707 214 9785
01HQBJPZ4KPHC1KY1N3SMWDZXX,Damien,Dabrowski,29/04/2004,ddabrowskihl@bbb.org,+44 769 538 1218
01HQBJPZ4M0DT1GXAQFJQDWGWS,Hamlen,Spoors,04/06/1995,hspoorshm@tiny.cc,+44 308 419 8767
01HQBJPZ4NDMHF7NP9FXW7A2HR,Rodolfo,Schroter,29/11/1955,rschroterhn@miitbeian.gov.cn,+44 438 367 1413
01HQBJPZ4P1GKWXZGW2NFHGTNH,Natty,Chasteney,27/06/1992,nchasteneyho@skype.com,+44 710 640 9698
01HQBJPZ4PK2AN8C9K50ARACQM,Town,Ladell,14/04/2001,tladellhp@google.com.hk,+44 725 449 1412
01HQBJPZ4QZADPVCMHQNG4YYX0,Parsifal,Mary,04/09/1966,pmaryhq@wunderground.com,+44 901 441 2365
01HQBJPZ4RZYRSXE9P3FBNVKZ6,Noe,Bench,08/02/1985,nbenchhr@linkedin.com,+44 632 910 5600
01HQBJPZ4SXP8FH6T1VDETG8YN,Gard,Seefus,30/06/1983,gseefushs@github.io,+44 320 685 6649
01HQBJPZ4THPRA5RESKD9T2DWA,Arne,Betts,07/10/1998,abettsht@php.net,+44 379 223 7875
01HQBJPZ4WT1AVV9DREME3TEVB,Richmond,Ausiello,29/09/1949,rausiellohu@japanpost.jp,+44 476 185 1737
01HQBJPZ4W03H4J119AK1TAN5H,Winnah,Rishworth,10/08/2001,wrishworthhv@topsy.com,+44 465 590 3932
01HQBJPZ4XE50S0MK4424HYN19,Vikki,Kimbrough,15/12/1947,vkimbroughhw@soup.io,+44 944 762 9019
01HQBJPZ4Y3H5VK2A2BP8ZP3CA,Vidovic,Tommis,13/11/1969,vtommishx@mozilla.com,+44 560 614 0447
01HQBJPZ50CWCYAAMJXFWJE9Z3,Alana,Attarge,01/04/1982,aattargehy@bloomberg.com,+44 676 703 3402
01HQBJPZ51ZS5Z3MK5SV18NERH,Teddy,Postlewhite,12/06/1993,tpostlewhitehz@washington.edu,+44 284 298 5236
01HQBJPZ5226ZS3HWT8P26HB8H,Isobel,Freiburger,05/06/1961,ifreiburgeri0@wikipedia.org,+44 227 213 3695
01HQBJPZ5385KQA0ENP6EF5ENT,Ambrosio,Prandini,01/03/1976,aprandinii1@taobao.com,+44 177 339 7304
01HQBJPZ54GB9ETPM7BRYJ2S9F,Kali,Bloomfield,25/08/1971,kbloomfieldi2@dmoz.org,+44 690 190 3853
01HQBJPZ56ZKMAV96Y1G5NKAYR,Mirabella,Kamien,18/09/1947,mkamieni3@issuu.com,+44 658 765 3461
01HQBJPZ5889KK6E6MPJ5T4PKJ,Ludovika,Giovanizio,24/07/1953,lgiovanizioi4@wunderground.com,+44 528 513 5691
01HQBJPZ59YACYW2RYXG0R1CJD,Emelda,Reddings,27/08/1960,ereddingsi5@cbslocal.com,+44 734 711 1779
01HQBJPZ5BCXSJZDCSEJM9AQ0H,Gerome,Keelinge,13/07/1946,gkeelingei6@photobucket.com,+44 139 829 8509
01HQBJPZ5DX08DW6HVFMYW6KN1,Daffy,Atcherley,04/03/1947,datcherleyi7@prlog.org,+44 143 630 0689
01HQBJPZ5F74QP91G9Q3FV3JPG,Lucinda,Iacobassi,21/04/1987,liacobassii8@alexa.com,+44 148 773 0580
01HQBJPZ5GNMQCH70FJ84V5PVC,Dorothee,Plimmer,21/02/1980,dplimmeri9@businessweek.com,+44 594 369 5181
01HQBJPZ5J7MFCK9BSAS4C1EPP,Kalila,Buxsey,23/05/1950,kbuxseyia@naver.com,+44 240 792 4415
01HQBJPZ5M51CTWRJNRF2HKTVN,Maggy,Iacovone,22/08/1956,miacovoneib@ed.gov,+44 174 280 5025
01HQBJPZJE9QDTQ4NS60SDHJQC,Breena,Jullian,07/10/1962,bjullianic@wordpress.com,+44 112 978 8803
01HQBJPZJFA2HY9NN5MK17CHA2,Thom,McNish,16/07/1979,tmcnishid@aol.com,+44 405 772 4978
01HQBJPZJHK3T86HXKQRD1JT81,Finn,Rigmand,28/09/1966,frigmandie@bizjournals.com,+44 540 280 4862
01HQBJPZJKEMAPA140ND87QNXN,Casey,Gubbins,09/06/2002,cgubbinsif@nsw.gov.au,+44 539 451 0017
01HQBJPZJMZWE8W15K4QM0XQXF,Hersch,Johanssen,17/09/1984,hjohanssenig@ifeng.com,+44 546 447 5501
01HQBJPZJPG28HZVRMBJVNX13Y,Reinald,Everton,06/12/1976,revertonih@elpais.com,+44 746 339 7949
01HQBJPZJQJQGJYQ81QA2M4X0F,Merrielle,Antonignetti,23/11/1968,mantonignettiii@weibo.com,+44 707 586 9450
01HQBJPZJS3AMYQVEK68P2DFQM,Berkly,Dackombe,03/08/1964,bdackombeij@tripod.com,+44 812 785 5292
01HQBJPZJTQ26CJY1Z4X17SCQC,Hephzibah,Pennetta,30/03/1980,hpennettaik@studiopress.com,+44 648 904 0344
01HQBJPZJWGTMG8CMFT1KW9WFK,Lem,Haslock(e),05/10/1966,lhaslockeil@auda.org.au,+44 205 600 2146
01HQBJPZJYYD64Q67PFG1JYQCY,Upton,Giacometti,20/09/1992,ugiacomettiim@cdc.gov,+44 121 372 6077
01HQBJPZJZT0WD7E2SDZNRN2XX,Brien,Jane,26/12/1989,bjanein@zdnet.com,+44 414 294 8293
01HQBJPZK10HYFKB7V0JD3WYMT,Thedric,Garter,21/06/1995,tgarterio@marriott.com,+44 859 841 5291
01HQBJPZK1JA0WX7M559KYWNWT,Fin,Cromley,08/02/1994,fcromleyip@apache.org,+44 322 328 0943
01HQBJPZK2XZTHJEF7RRJ5WRNE,Indira,Chapellow,22/03/1974,ichapellowiq@ucsd.edu,+44 720 809 8243
01HQBJPZK4P4ZR6G59VC6KXNFT,Gusti,Whistlecraft,08/08/1948,gwhistlecraftir@hubpages.com,+44 926 912 0392
01HQBJPZK5SHF7J078NVTZ21J9,Dunstan,Appleton,11/09/1973,dappletonis@nps.gov,+44 958 820 7287
01HQBJPZK6EB64D3Z8Q2NJHGPT,Elicia,Benedek,31/01/1997,ebenedekit@sitemeter.com,+44 639 737 7382
01HQBJPZK7Y7G35B0RCK6PA32K,Raffaello,Garrod,18/01/1961,rgarrodiu@statcounter.com,+44 751 944 4569
01HQBJPZK8F17AK7TJ98JE8XEH,Dulce,Feighry,31/05/1992,dfeighryiv@pinterest.com,+44 493 780 0311
01HQBJPZK9CV7ARW72XQPPQC1B,Ellis,Wulfinger,12/05/1957,ewulfingeriw@furl.net,+44 987 311 8222
01HQBJPZKAXS6F6E3J3VDR5TFS,Brewster,Laurens,27/06/1981,blaurensix@ning.com,+44 867 462 1701
01HQBJPZKBAH89Q586JYVW1PGT,Julietta,Mulkerrins,04/02/1977,jmulkerrinsiy@163.com,+44 639 884 0563
01HQBJPZKCRF0Z6GHGXZQEV6RW,Amie,Wedgwood,09/09/1981,awedgwoodiz@slashdot.org,+44 605 869 4703
01HQBJPZKCMTSZ07V8TSGSJ08A,Wynn,Romaine,20/10/1974,wromainej0@cmu.edu,+44 880 106 4250
01HQBJPZKDFJ1V8222TD5RM9ZJ,Sidoney,Bannon,18/11/1984,sbannonj1@de.vu,+44 644 893 4005
01HQBJPZKE9DWCM3EG29VZ5XYP,Doyle,Frotton,23/11/1982,dfrottonj2@i2i.jp,+44 446 443 4168
01HQBJPZKERZZQ9S5TN777737N,Alvin,Ritmeier,30/04/1958,aritmeierj3@springer.com,+44 706 571 9713
01HQBJPZKGY8PN8V172VZ18VA3,Kaine,Kirckman,27/04/1977,kkirckmanj4@usatoday.com,+44 574 948 5798
01HQBJPZKHTW5TR9193KNASAHP,Lauritz,Burdass,08/10/1999,lburdassj5@wired.com,+44 445 639 7120
01HQBJPZKJ14WHCQF80JDS7N7W,Arnuad,Bampfield,23/05/1999,abampfieldj6@istockphoto.com,+44 376 739 7591
01HQBJPZKKGTMF67QR49BZ8WV9,Uta,Buche,12/02/2004,ubuchej7@myspace.com,+44 801 809 4206
01HQBJPZKMQSJRHWKKAZAEMDEF,Matty,Leteurtre,17/10/1991,mleteurtrej8@hc360.com,+44 538 715 0249
01HQBJPZKM3EN9A69NJ9P3TXP7,Cordie,Klemke,27/06/1969,cklemkej9@opera.com,+44 419 686 4912
01HQBJPZKNEQM3FEZ809HAETJ2,Darlleen,Keir,15/01/1988,dkeirja@dropbox.com,+44 348 461 8603
01HQBJPZKP3P2DZX6D7CB854P2,Davey,O'Hogertie,28/01/1988,dohogertiejb@squarespace.com,+44 452 995 8355
01HQBJPZKQPFEA2QGB9VVSFJTJ,Marcellina,Dusey,19/10/1961,mduseyjc@epa.gov,+44 803 764 2225
01HQBJPZKSGPVJ7ZZGN2XCDCCQ,Celina,Dragon,19/09/1963,cdragonjd@angelfire.com,+44 607 318 7010
01HQBJPZKT3EJ19XSHZ0E4MB4A,Rochell,Farrer,16/06/1952,rfarrerje@amazonaws.com,+44 612 382 6332
01HQBJPZKV2YK5TZRC23XFK7CF,Cordelia,Squire,08/03/1986,csquirejf@telegraph.co.uk,+44 963 480 9432
01HQBJPZKW609255XY28D2ER31,Alvera,Giabuzzi,02/02/1991,agiabuzzijg@fotki.com,+44 502 198 9753
01HQBJPZKXCSA270KNJQJ2GJC3,Wilden,Newvill,02/11/1979,wnewvilljh@youtube.com,+44 593 879 6332
01HQBJPZKYD5JY04W1C0BTY2VW,Van,Corser,08/12/1970,vcorserji@jigsy.com,+44 717 799 9175
01HQBJPZKZC0WBCP2HVC5X7M78,Valaria,O'Kerin,07/11/1961,vokerinjj@joomla.org,+44 746 525 7213
01HQBJPZM0WFVZAH4WM6AE1A7B,Wendell,Samet,29/11/1997,wsametjk@networksolutions.com,+44 671 709 0736
01HQBJPZM071CHFPT21Y4PDXQQ,Catie,Peattie,16/05/1980,cpeattiejl@behance.net,+44 206 604 9756
01HQBJPZM13ZZZYHD8A8H79HFN,Chery,Waggatt,14/09/1976,cwaggattjm@people.com.cn,+44 833 555 5799
01HQBJPZM259NBWRETE4VY0J9W,Koral,Lupton,11/08/1977,kluptonjn@geocities.jp,+44 461 663 9512
01HQBJPZM45NMZM865VC9TB5AE,Celestina,Naptine,05/07/1974,cnaptinejo@rambler.ru,+44 302 275 6834
01HQBJPZM59M165BGW20254D0C,Jilleen,Mattielli,22/06/1969,jmattiellijp@reuters.com,+44 631 142 2236
01HQBJPZM62S3115S600RNBBFR,Ludvig,Coutts,13/02/1949,lcouttsjq@icq.com,+44 857 150 6640
01HQBJPZM8BG0XY1EA4FQ4MSY4,Hank,Hudless,22/04/1979,hhudlessjr@soup.io,+44 192 918 2562
01HQBJPZM92Q57KD6DF98B46QT,Nataline,Perse,21/11/1992,npersejs@google.pl,+44 617 281 4401
01HQBJPZMB9B10NH7W9G0XWNPC,Merle,Milam,10/05/1967,mmilamjt@gizmodo.com,+44 998 916 6621
01HQBJPZMCRS3F821XN7RR9GFZ,Jules,Leber,30/05/1957,jleberju@ameblo.jp,+44 144 871 9083
01HQBJPZMEGR1FVDPG3S8AD5QM,Rory,Danbye,05/02/1978,rdanbyejv@hao123.com,+44 913 242 2462
01HQBJPZMGKY8K8A65EWSS6KVF,Gina,Garrand,23/06/1969,ggarrandjw@globo.com,+44 308 224 9402
01HQBJPZMHEKC1S5YFRK565YFK,Gabriela,Redsell,13/02/1960,gredselljx@foxnews.com,+44 176 409 2065
01HQBJPZMKN14JBM0S0SJK643M,Olav,de Villier,23/08/1990,odevillierjy@cbc.ca,+44 575 896 9292
01HQBJPZMMQH6XAGY1VP3R9198,Pinchas,Shankland,24/10/1981,pshanklandjz@reddit.com,+44 492 564 9449
01HQBJPZMP8Z0S1K774BGXFSKE,Hastie,Fawckner,02/04/1988,hfawcknerk0@princeton.edu,+44 102 981 5506
01HQBJPZMRAS17DFKCDZM2VTNA,Elmore,Jagiela,29/03/1968,ejagielak1@ihg.com,+44 631 454 1088
01HQBJPZMSPW374XQ91WSEC83K,Heriberto,Pearmain,22/10/1948,hpearmaink2@shareasale.com,+44 304 492 0732
01HQBJPZMVWJ9HC5C4Y2X999EK,Filide,Kiddye,31/05/1990,fkiddyek3@cloudflare.com,+44 305 790 3772
01HQBJPZMWQP047P2J5JSPVKE5,Grata,Shakesbye,04/06/1949,gshakesbyek4@google.pl,+44 580 783 1249
01HQBJPZMYBXVYP01RHZZJHB73,Ollie,Honeywood,10/11/2002,ohoneywoodk5@nasa.gov,+44 952 841 1259
01HQBJPZMZZT2FXVSRGQ5KGMAF,Korella,Gillicuddy,06/06/1999,kgillicuddyk6@dion.ne.jp,+44 460 379 8937
01HQBJPZN1PN72YR4F1F5J902E,Osmund,Le Huquet,10/06/1971,olehuquetk7@shinystat.com,+44 531 892 5564
01HQBJPZN1MNAY5PEQ273Y65E8,Julianna,Bamb,21/12/1949,jbambk8@nature.com,+44 575 720 8149
01HQBJPZN29DY0972H6ZWBGYFA,Berkly,Gilvear,28/05/1992,bgilveark9@usgs.gov,+44 958 343 9034
01HQBJPZN3CDMKW90HW2R2ZB41,Simonne,Kohrt,30/04/1987,skohrtka@mysql.com,+44 253 456 0739
01HQBJPZN4ANRRPRGVGDD7G757,Anjela,Lammin,19/11/1952,alamminkb@wikispaces.com,+44 140 215 2461
01HQBJPZN5CS2HC91289FNV3BF,Gladi,Scowcraft,16/01/1949,gscowcraftkc@wikimedia.org,+44 160 784 9493
01HQBJPZN6BZ6JBY65A3A75CSP,Harbert,Shawcross,24/04/1945,hshawcrosskd@furl.net,+44 559 860 7238
01HQBJPZN7WJ8PRSWT0N32ZJHC,Thea,Stopper,09/01/1980,tstopperke@canalblog.com,+44 462 198 1354
01HQBJPZN70K7A45MZ2MFN9PAE,Dean,Duke,28/06/1970,ddukekf@senate.gov,+44 892 134 1809
01HQBJPZN901CS6H5FRTVZYF9C,Clareta,Allsebrook,18/12/2001,callsebrookkg@cargocollective.com,+44 756 279 9801
01HQBJPZNAWRMMVBPVGVNH4Z7C,Farrand,Plews,21/04/1984,fplewskh@berkeley.edu,+44 336 579 8731
01HQBJPZNC532KF7WGTQ56Z38Z,Mariska,Brinkley,31/05/1994,mbrinkleyki@shareasale.com,+44 535 575 0746
01HQBJPZND7BMTD9FSYPMD1MP8,Stormi,Ciobutaru,29/03/1954,sciobutarukj@123-reg.co.uk,+44 298 277 6133
01HQBJPZNDNAZ9SR4ABMQZWHK1,Toinette,Fidoe,15/11/1967,tfidoekk@com.com,+44 569 266 1670
01HQBJPZNEFV2JA84ZA00SN01C,Regan,Spridgen,23/04/1989,rspridgenkl@godaddy.com,+44 972 807 3153
01HQBJPZNF1CHX9FZFK0YGV9CH,Haskell,Wolfendale,03/07/1980,hwolfendalekm@tamu.edu,+44 157 903 7099
01HQBJPZNFDC190JB82Z1MA2GQ,Kermy,Janowski,16/11/1962,kjanowskikn@jigsy.com,+44 429 102 9293
01HQBJPZNGC7853CAB3N06D7PT,Bram,Iskowicz,26/03/1990,biskowiczko@vk.com,+44 196 653 5030
01HQBJPZNHEKE7CNJHW8HVZD4G,Morissa,Pinchen,21/02/1970,mpinchenkp@angelfire.com,+44 935 125 4560
01HQBJPZNJB2DZ7F1B1H4XH4NJ,Lyle,Carme,21/03/1999,lcarmekq@clickbank.net,+44 680 528 2605
01HQBJPZNK2XCZH0HD8TAE6V3H,Donnell,Wethered,26/08/1964,dwetheredkr@google.com.br,+44 500 199 7458
01HQBJPZNKFY5MAC7AX0TYHJ8D,Augustus,Perin,17/07/1982,aperinks@japanpost.jp,+44 691 903 3567
01HQBJPZNMBQSA74SB8F70F5C3,Venus,Creech,29/01/1996,vcreechkt@newyorker.com,+44 200 942 4472
01HQBJPZNNRVB9SWJJ24QB2X60,Sandie,Dive,29/01/1960,sdiveku@disqus.com,+44 958 483 2024
01HQBJPZNPT4NSPSRRMKV0EA0G,Guntar,Bogart,27/04/1978,gbogartkv@jugem.jp,+44 298 346 0301
01HQBJPZNREF054RQZB91MX4MP,Lyndy,Lowery,10/09/1987,llowerykw@unesco.org,+44 692 710 5422
01HQBJPZNS3SD8E84GAFKA4H9E,Gaile,Febry,13/06/1979,gfebrykx@census.gov,+44 489 794 0105
01HQBJPZNT3XF06HK97KRZP49C,Myrah,Walter,21/04/1945,mwalterky@people.com.cn,+44 316 641 2842
01HQBJPZNVBR9RPFVXRDS85ETH,Kathlin,Reddlesden,09/06/1999,kreddlesdenkz@sogou.com,+44 612 923 9124
01HQBJPZNWPEE13TVHM2M7GBNG,Lettie,Jewett,27/03/1962,ljewettl0@wikimedia.org,+44 673 825 5076
01HQBJPZNW8DHEXMTHJVAQGD1D,Anne-corinne,Barizeret,26/04/1952,abarizeretl1@mapquest.com,+44 388 918 8226
01HQBJPZNXWHG31QTZWX5JA9WY,Dallas,Cicco,21/06/1958,dciccol2@skype.com,+44 328 700 7227
01HQBJPZNYD5B5RKFA5KNT04A9,Jessi,Gallegos,17/05/1963,jgallegosl3@phoca.cz,+44 315 922 3409
01HQBJPZNYWB7EPFD0FYP98AK9,Sibylle,Astill,16/11/1973,sastilll4@unc.edu,+44 174 922 2334
01HQBJPZNZ5AAPHZXXCK67WRBH,Berne,Nevett,04/06/1963,bnevettl5@google.cn,+44 818 684 3160
01HQBJPZNZ26TE0CQGHXQGNJDW,Jessalyn,Shears,24/11/1989,jshearsl6@jigsy.com,+44 661 770 3180
01HQBJPZP0C07HREE7RBSJ1SN9,Kearney,Witherow,26/01/1960,kwitherowl7@trellian.com,+44 754 545 1699
01HQBJPZP1N74PT4B895DQDEM8,Alfons,Zavattieri,02/09/1957,azavattieril8@ning.com,+44 296 710 7100
01HQBJPZP1EJHSVQB47KCRTD3N,Latashia,MacWhan,18/07/1988,lmacwhanl9@istockphoto.com,+44 890 699 5138
01HQBJPZP28R6BY09CPVPZT572,Meara,Rucklesse,24/10/1956,mrucklessela@icio.us,+44 156 230 5849
01HQBJPZP3R0F5KRT3CEDQFMCM,Reynard,Rosendahl,28/09/1978,rrosendahllb@alibaba.com,+44 613 163 4036
01HQBJPZP48VJTC449F2T8GDWV,Editha,Volke,29/03/1945,evolkelc@1und1.de,+44 301 388 7364
01HQBJPZP5X715HVME1AW3NA9R,Tammie,Ingleston,21/11/1955,tinglestonld@china.com.cn,+44 676 594 0708
01HQBJPZP6WZ3XAXPAJAWGG2N0,Cyrillus,Chmarny,30/12/1988,cchmarnyle@vkontakte.ru,+44 639 104 9545
01HQBJPZP69GMVHJTY5B20KRFG,Becki,Buck,24/07/1991,bbucklf@usda.gov,+44 335 583 9552
01HQBJPZP80T04TGN0D1WKSD4C,Cristobal,Alves,07/03/1982,calveslg@gravatar.com,+44 860 499 4254
01HQBJPZP9R2BF9F0TBDRMR7MV,Darn,Slocomb,19/03/1954,dslocomblh@about.me,+44 988 321 9292
01HQBJPZPA2XMYPMYA3ZA4PMS6,Hernando,Tremayne,14/07/1953,htremayneli@cafepress.com,+44 418 109 2995
01HQBJPZPCKJYHYD8SVT0JKCEG,Vale,Cannam,02/06/1970,vcannamlj@bbc.co.uk,+44 294 158 5558
01HQBJPZPD41P5SZHVNCVGC5MR,Shari,Zanassi,16/08/1954,szanassilk@constantcontact.com,+44 382 616 1023
01HQBJPZPE36KKADPGWQEEVWRJ,Fionna,Klimczak,25/03/1956,fklimczakll@boston.com,+44 442 791 9692
01HQBJPZPFDFH3VKYP4W63FFYM,Dorelle,Campaigne,13/08/1949,dcampaignelm@comcast.net,+44 544 413 9304
01HQBJPZPGWQYETSH21FCYG4MT,Massimiliano,Irdale,25/11/1946,mirdaleln@sbwire.com,+44 345 423 8813
01HQBJPZPHCHHN25Z8GTGP2ABM,Vanda,Bennallck,07/01/1979,vbennallcklo@answers.com,+44 321 851 5765
01HQBJPZPJ51VCRYB9EAJNPS4B,Foster,Manuaud,22/07/1986,fmanuaudlp@privacy.gov.au,+44 309 919 3985
01HQBJPZPJRMZB4VTP3KAZRJ8J,Shandie,Need,18/09/1993,sneedlq@unblog.fr,+44 216 499 8822
01HQBJPZPKQQ6HV9CKWNT5SETJ,Clay,Handling,30/01/1957,chandlinglr@archive.org,+44 558 714 5495
01HQBJPZPNC50CGFTR5ZERZR07,Zora,Mitchelson,15/02/1999,zmitchelsonls@mashable.com,+44 735 648 4356
01HQBJPZPN17CNKA9ZEBGFVBEW,Flint,Luddy,04/07/1999,fluddylt@gizmodo.com,+44 694 497 3198
01HQBJPZPPA3WTAVTT4QHHAB1J,Celine,Benedito,23/11/1981,cbeneditolu@reverbnation.com,+44 587 775 3901
01HQBJPZPQKEZKWNPXDGV4ZVK0,Lorrie,Daulton,13/08/1953,ldaultonlv@cbc.ca,+44 357 347 4482
01HQBJPZPSFS9GRPVQ6TGFGZA2,Weider,Dreini,18/01/1948,wdreinilw@soup.io,+44 434 753 5451
01HQBJPZPSCRVNFZ8YFE1EXHBP,Cicily,Renad,31/03/1985,crenadlx@unc.edu,+44 778 566 9470
01HQBJPZPT4Y29WW3YSG7WV21K,Christie,Yorke,11/06/2004,cyorkely@posterous.com,+44 126 796 3021
01HQBJPZPWV2NYZ1YYYV95EEJ6,Ferdinanda,Tash,25/04/1955,ftashlz@wikia.com,+44 202 241 8082
01HQBJPZPXNJDZMPYG3TQDRTM1,Ricoriki,Grancher,08/09/1969,rgrancherm0@prnewswire.com,+44 158 866 7282
01HQBJPZPYCHBB4MY4VE73WWHM,Kassandra,Franca,06/11/1985,kfrancam1@opensource.org,+44 132 265 9337
01HQBJPZPZJATKVS2EEPHVWXV4,Donovan,Lippiello,25/06/1979,dlippiellom2@ask.com,+44 220 149 1026
01HQBJPZQ1920H78EXVFK25R2K,Danna,Denver,02/08/1961,ddenverm3@acquirethisname.com,+44 909 394 2191
01HQBJPZQ29WA6VEGM0VDKEE09,Fallon,Bodega,22/05/1949,fbodegam4@stumbleupon.com,+44 737 334 9275
01HQBJPZQ46PXBDXR0M9F5GVVF,Kass,Brach,02/05/1964,kbrachm5@dedecms.com,+44 857 894 3545
01HQBJPZQ6MMACDV3MR0WW0AJD,Eileen,Lethbrig,09/04/1954,elethbrigm6@wisc.edu,+44 697 875 8617
01HQBJPZQ774PD01W6BZ9YM97Q,Flory,Cotte,07/12/1955,fcottem7@hud.gov,+44 342 511 5250
01HQBJPZQ9023Y3ZK8BZ9480J2,Aura,Skitt,30/09/1949,askittm8@spiegel.de,+44 726 561 7833
01HQBJPZQA52FS0KQEW3YD7JE8,Hasty,Lanfranconi,02/04/1963,hlanfranconim9@bigcartel.com,+44 323 722 4708
01HQBJPZQCJJJKCR8FR9V78TSX,Baxie,Catcherside,17/10/1986,bcatchersidema@technorati.com,+44 822 716 1983
01HQBJPZQDYZNYCY78H9YS6ZQ3,John,Joddens,05/03/1964,jjoddensmb@amazon.co.jp,+44 750 840 3157
01HQBJPZQE8041FCNVT1GSSD5M,Lottie,Tweedell,29/07/2003,ltweedellmc@google.pl,+44 807 744 0032
01HQBJPZQFCKH5A1XGPSZSK7FS,Lindi,Sketh,08/12/1979,lskethmd@parallels.com,+44 217 956 3366
01HQBJPZQHMTBQDFVX6FW6V00Y,Diarmid,Gwinnel,25/01/1952,dgwinnelme@dedecms.com,+44 975 500 6842
01HQBJPZQJ8JY7NMAJF9DGPVS3,Jordon,Udie,26/12/1954,judiemf@toplist.cz,+44 291 825 9778
01HQBJPZQK98ZPE4G3AS6VD7KY,Sky,Petrillo,08/09/1948,spetrillomg@freewebs.com,+44 791 469 6059
01HQBJPZQNNDQ5J8XXQ5NCGZ68,Dalton,Lockey,05/03/1997,dlockeymh@youku.com,+44 790 940 7216
01HQBJPZQPJ49QEMX27Z947SQ1,Geri,Berisford,06/06/1961,gberisfordmi@va.gov,+44 742 700 4177
01HQBJPZQRNY534Z3CRKP7HT5V,Celina,Albert,18/04/1970,calbertmj@edublogs.org,+44 345 699 5575
01HQBJPZQS00TBYNJ1RSK2RDX1,Doralin,Georgeson,21/07/1946,dgeorgesonmk@pcworld.com,+44 504 111 9800
01HQBJPZQVYR0TX5MK3PKXKD1P,Elaine,Corstan,04/01/1960,ecorstanml@paypal.com,+44 148 560 5087
01HQBJPZQXCGBWFN9101FNZHK1,Vladamir,Picopp,20/06/1948,vpicoppmm@ocn.ne.jp,+44 956 700 8348
01HQBJPZQYHB2JQW9XDWXHMGPM,Staffard,Saltsberg,02/02/2001,ssaltsbergmn@loc.gov,+44 748 914 1234
01HQBJQ02DBEWQGJSX7KP2N4V9,Millicent,Ivell,11/07/1945,mivellmo@mozilla.com,+44 579 125 5370
01HQBJQ02EQ8MXQ4WEECB8ZHED,Sile,Widdecombe,21/02/1978,swiddecombemp@census.gov,+44 484 414 0546
01HQBJQ02E4G8SJBRJN3JG81A6,Rooney,Davidesco,15/08/1987,rdavidescomq@intel.com,+44 335 804 7930
01HQBJQ02FC4HKKHCR31BV4PG1,Porter,Kobera,11/09/1987,pkoberamr@wired.com,+44 764 202 9558
01HQBJQ02GGTEJ1R3778J3VBW0,Morgun,Selwin,25/07/1979,mselwinms@berkeley.edu,+44 718 218 3529
01HQBJQ02H9DAGK81WEHCTD6A0,Jane,Prujean,21/09/1945,jprujeanmt@furl.net,+44 234 553 3341
01HQBJQ02HPEQG7290870E4MKQ,Forster,Gibbons,20/06/1957,fgibbonsmu@xinhuanet.com,+44 430 940 9745
01HQBJQ02JBVB4XB056XK08YRZ,Harli,Barlee,20/10/1963,hbarleemv@people.com.cn,+44 738 223 8430
01HQBJQ02JM8MJJ8GA2B9DBPZM,Jacynth,Pritchard,26/07/1970,jpritchardmw@cbsnews.com,+44 969 763 4121
01HQBJQ02KFTKJTKFD2TVJQGQH,Stephen,Risdale,18/03/1990,srisdalemx@salon.com,+44 415 665 9654
01HQBJQ02M25K6KP9JHHYC0T92,Theodor,Abram,18/06/1984,tabrammy@earthlink.net,+44 194 877 4140
01HQBJQ02M0P7DRMR6QXST0AGK,Anderson,Cordie,09/03/1972,acordiemz@list-manage.com,+44 289 463 2129
01HQBJQ02NMZ6CVN4HPCZQ1WGF,Adey,Soans,18/07/1972,asoansn0@hibu.com,+44 480 431 5691
01HQBJQ02P7CDRBXBHK2CJ80FW,Doreen,Eacott,23/12/1950,deacottn1@kickstarter.com,+44 585 796 7514
01HQBJQ02PJP5Q7VEH1TEXYKD1,Sheila,Pettecrew,15/03/1954,spettecrewn2@berkeley.edu,+44 108 545 4569
01HQBJQ02QDGEC68J1VQWC8T9N,Marketa,Milleton,23/06/1947,mmilletonn3@alexa.com,+44 400 824 5539
01HQBJQ02RKY2HHD3MNQ9ZWMAJ,Kevan,Pendergrast,25/11/1960,kpendergrastn4@newsvine.com,+44 848 957 3918
01HQBJQ02R7ZBSYP9B0T6E59YY,Carmel,Liddy,10/09/1969,cliddyn5@angelfire.com,+44 699 707 9395
01HQBJQ02S8HYP3T2QHPQGE767,Pamella,Kennicott,22/08/1946,pkennicottn6@theguardian.com,+44 695 225 8388
01HQBJQ02T1EEPBASENQKQ8MB8,Griff,Shallcrass,04/06/1990,gshallcrassn7@multiply.com,+44 353 987 2270
01HQBJQ02T69ZS8E33PAMHRFY9,Fonsie,Battison,13/07/1955,fbattisonn8@abc.net.au,+44 570 830 1340
01HQBJQ02V1T0PNEGBD0NCJF99,Falito,Duckering,09/08/1976,fduckeringn9@cnbc.com,+44 738 230 5401
01HQBJQ02WN738WDVPF8VK8YAR,Niels,Brownsell,26/06/1955,nbrownsellna@blogspot.com,+44 979 786 4547
01HQBJQ02WNZE3X2ENKJXQTPY5,Hilda,Pollock,08/09/1968,hpollocknb@bbc.co.uk,+44 274 150 1901
01HQBJQ02XV7AQ4CCCD374D4CQ,Kissiah,Dabrowski,19/10/1992,kdabrowskinc@psu.edu,+44 277 925 6511
01HQBJQ02XBP7PHCWRENKSXAWQ,Irvine,Dargue,14/10/1981,idarguend@oracle.com,+44 193 756 5173
01HQBJQ02YT42Y3BGWSE9P6652,Orville,Glendinning,19/12/1967,oglendinningne@163.com,+44 282 528 6119
01HQBJQ02ZDSF2HKNF7NNHN7BZ,Esme,Sarrell,24/10/1951,esarrellnf@cbslocal.com,+44 731 449 5057
01HQBJQ02ZNKPEGHN7GM7V193R,Tressa,Dondon,02/12/1988,tdondonng@wordpress.org,+44 149 853 4852
01HQBJQ031XW9NSYWJK3CJ1AHP,Carolin,McCarl,11/04/1975,cmccarlnh@youku.com,+44 333 495 6800
01HQBJQ031QHFYJDZRP67S7HPJ,Clari,Cleminshaw,18/08/1988,ccleminshawni@elegantthemes.com,+44 894 556 8094
01HQBJQ032P712A2C689263RZP,My,Toms,31/07/1992,mtomsnj@marketwatch.com,+44 335 424 6846
01HQBJQ033JVA2M4CGY9RSQATP,Ode,Krebs,21/09/1997,okrebsnk@apple.com,+44 996 436 0772
01HQBJQ033427KQK8X1TD4ESE8,Britt,Rowlings,23/12/1958,browlingsnl@cisco.com,+44 866 962 1469
01HQBJQ034TTETKDWJAMX46GP4,Haily,Batcheldor,29/11/1985,hbatcheldornm@ed.gov,+44 135 848 5638
01HQBJQ035EPA1QABYRD8Q3XN0,Salli,Mattiato,18/11/1968,smattiatonn@home.pl,+44 264 439 5833
01HQBJQ036MYPM9KHBDHRM5QN9,Agustin,Sherborn,07/07/1962,asherbornno@mtv.com,+44 686 181 0987
01HQBJQ036BJQ6CCT9W6KDGJ75,Avrit,Lillicrop,27/02/1946,alillicropnp@mediafire.com,+44 230 985 4084
01HQBJQ037J6BFGWNA7BVP3TK1,Krystal,Masters,05/12/1989,kmastersnq@youku.com,+44 508 517 1049
01HQBJQ038S0HZD4QMSXHTJ2ZY,Rudy,Brigdale,31/03/1988,rbrigdalenr@instagram.com,+44 915 171 0568
01HQBJQ038S4DG9J5ENVE97CPW,Billie,Iddenden,14/06/1995,biddendenns@php.net,+44 517 565 3012
01HQBJQ039WKZ6SWG8NRSXXG8E,Kurt,Orable,06/01/1975,korablent@scientificamerican.com,+44 452 427 9318
01HQBJQ03AZ92YJXGBT86CNWTE,Loralie,Mc Cahey,23/08/1979,lmccaheynu@g.co,+44 676 218 0028
01HQBJQ03AM22WB63CBVNXMQXN,Anallese,La Padula,10/02/1945,alapadulanv@digg.com,+44 357 522 9296
01HQBJQ03B10MG8WSFY87X3D4D,Louella,Chinnery,04/02/1985,lchinnerynw@businesswire.com,+44 567 886 7162
01HQBJQ03DPXPRSNNNVNXF4AZB,Annabell,Birrel,10/10/1953,abirrelnx@seattletimes.com,+44 711 593 5749
01HQBJQ03EZ3DGGQPA0GJAR3WE,Francois,Kyncl,03/06/1949,fkynclny@java.com,+44 576 249 2559
01HQBJQ03EK9AT3Q1RVBP1M2M2,Candis,Cobbledick,18/03/1960,ccobbledicknz@dailymail.co.uk,+44 154 923 0959
01HQBJQ03FZQF2JH1Y4EGVWMJ2,Cornelle,Bound,30/10/1995,cboundo0@barnesandnoble.com,+44 318 620 8175
01HQBJQ03H10MW61GS1TEN472R,Beale,Woolager,17/03/1954,bwoolagero1@squidoo.com,+44 576 192 6128
01HQBJQ03KK4053QAGZE74RFKM,Bronson,Jardein,30/11/1973,bjardeino2@wikimedia.org,+44 359 311 7217
01HQBJQ03MBC7YFVMQ7MGHKSA4,Karyl,Bradborne,28/04/1990,kbradborneo3@prweb.com,+44 574 417 5507
01HQBJQ03PH41M3K3XW33SF9AK,Leila,Divall,28/12/1947,ldivallo4@qq.com,+44 213 299 0078
01HQBJQ03QM1JYKDWD9ZGGRYRD,Madeleine,Clyne,02/03/1987,mclyneo5@ehow.com,+44 793 692 2849
01HQBJQ03STM6V3KGZB0HEYX4T,Celestine,Turtle,20/02/1982,cturtleo6@aboutads.info,+44 124 480 0535
01HQBJQ03TZHHMH6X4DXV487DS,Olwen,Bunny,29/09/1995,obunnyo7@theglobeandmail.com,+44 946 944 6780
01HQBJQ03WNXKCC9VX5VRN29P9,Sloan,Pattemore,11/01/1996,spattemoreo8@theglobeandmail.com,+44 813 111 8255
01HQBJQ03X92W0XCYPC3X2N11K,Adora,Temporal,23/12/1963,atemporalo9@quantcast.com,+44 520 646 5129
01HQBJQ03ZAXXQM5WDY1MJ56WB,Janeva,Dunn,13/06/1996,jdunnoa@indiegogo.com,+44 305 851 8515
01HQBJQ040GSS5ETT35JFFB5R7,Gussie,Purdey,04/10/1988,gpurdeyob@timesonline.co.uk,+44 508 874 0099
01HQBJQ0417FX91XZ26CKFGYAC,Malynda,Woolmore,07/08/1954,mwoolmoreoc@google.com.br,+44 304 471 1148
01HQBJQ04318M13TAR44CBPQKF,Eleanora,Attaway,21/04/1968,eattawayod@blogspot.com,+44 492 598 0405
01HQBJQ04548XRTNH73P4N71P5,Tate,McGowing,29/04/1970,tmcgowingoe@mozilla.org,+44 115 430 7217
01HQBJQ0468KM0Q7JJQZSEP94J,Gavra,Jablonski,17/11/1998,gjablonskiof@washingtonpost.com,+44 480 482 5547
01HQBJQ048K8D5K4ZGZA5G6EYA,Winthrop,McClinton,11/04/1964,wmcclintonog@tinyurl.com,+44 615 977 3530
01HQBJQ049G6ZQ9ST46A778YSM,Eliza,Creany,01/04/1955,ecreanyoh@state.gov,+44 115 811 3749
01HQBJQ04BG4N1KC0WXC16Q0K7,Antoine,Risby,31/07/1990,arisbyoi@mayoclinic.com,+44 470 217 6125
01HQBJQ04CM1AW8BNFVGQG8A5Q,Janessa,Gewer,23/02/1962,jgeweroj@craigslist.org,+44 153 165 6797
01HQBJQ04EMG934WD1YH3V7ZVS,Talbert,Toby,01/04/2001,ttobyok@zimbio.com,+44 549 855 5485
01HQBJQ04FJHTTF7TCVAZTZWK6,Tana,Hare,29/11/1948,thareol@abc.net.au,+44 808 571 2559
01HQBJQ04G0G6WE5HEPNTMGPZ6,Ulrica,Sly,05/12/1965,uslyom@arstechnica.com,+44 967 882 1063
01HQBJQ04JS576048DZ3XZGY5F,Urbain,Phayre,03/04/1966,uphayreon@guardian.co.uk,+44 329 272 1041
01HQBJQ04KSVEH2PQ8ZGG4E8SQ,Innis,O'Dogherty,10/06/1986,iodoghertyoo@cam.ac.uk,+44 386 541 0611
01HQBJQ04M7AZG1NYKYK2FEENM,Stoddard,Simanenko,24/05/1962,ssimanenkoop@harvard.edu,+44 170 766 4146
01HQBJQ04NPHWN1MVNVGN8XSYR,Lynett,Cicerone,04/10/1994,lciceroneoq@vimeo.com,+44 554 368 6147
01HQBJQ04PBGB669EWYX8AW9CR,Rex,Bentke,05/11/1981,rbentkeor@weebly.com,+44 862 426 5616
01HQBJQ04QXE59CA7GD2HDNWX1,Julio,Gathwaite,22/11/1986,jgathwaiteos@zdnet.com,+44 754 342 0588
01HQBJQ04RTDWTZQ3C2WYWWQ3C,Jillayne,McVicar,06/02/1955,jmcvicarot@wikimedia.org,+44 513 117 8796
01HQBJQ04S8CN44M37VQY9Q3M0,Angelique,Ribey,03/05/1974,aribeyou@huffingtonpost.com,+44 889 689 0999
01HQBJQ04VVPTGRWR3BNN0CGB3,Jasen,Wisbey,10/07/1987,jwisbeyov@issuu.com,+44 780 132 6451
01HQBJQ04WJ62JNHX4SVME6SX0,Katharyn,Camfield,17/04/1977,kcamfieldow@google.com.hk,+44 577 526 2840
01HQBJQ04YAST5ZF1F7BWR7BBP,Lynnea,Castletine,14/01/1967,lcastletineox@quantcast.com,+44 818 874 0911
01HQBJQ04Z3TMW33RBMY2WPTQA,Anderson,Jervis,22/06/1974,ajervisoy@answers.com,+44 197 486 6524
01HQBJQ050RQ3FSM4W6T5DFMS8,Josi,Raynham,10/01/1960,jraynhamoz@meetup.com,+44 389 729 8790
01HQBJQ052QVZATR2ZSHPMPFZW,Ade,Murgatroyd,21/02/1984,amurgatroydp0@timesonline.co.uk,+44 763 224 9002
01HQBJQ0539T4JF5P0AVKB4CXR,See,Kennermann,13/10/1964,skennermannp1@samsung.com,+44 635 133 5349
01HQBJQ055VBY14P6V2FF6AVY2,Riccardo,Vaughan,23/08/1945,rvaughanp2@geocities.jp,+44 282 829 9857
01HQBJQ056DE45V4766TK89NYH,Hyman,Ravenhill,09/07/1976,hravenhillp3@go.com,+44 124 990 7479
01HQBJQ0582A170ADHZ6BMB8DZ,Dora,Lopes,20/01/2003,dlopesp4@bbb.org,+44 949 996 0130
01HQBJQ0591ZN4C5ZBYVT53FC6,Rob,Zanotti,16/02/1984,rzanottip5@yellowbook.com,+44 281 762 7800
01HQBJQ05965BMXFF1SNAFK55R,John,Feldhammer,29/08/1963,jfeldhammerp6@wunderground.com,+44 885 358 7003
01HQBJQ05A7NTMXCK881HFA58B,Querida,Plumridege,10/06/2000,qplumridegep7@weibo.com,+44 922 128 2043
01HQBJQ05BQW6N1J49KCGN570D,Erich,Whitnell,08/08/2000,ewhitnellp8@pinterest.com,+44 993 555 4388
01HQBJQ05BZXAEH9A03NH4RCMC,Cathlene,Beacon,26/04/1960,cbeaconp9@4shared.com,+44 925 909 0402
01HQBJQ05CNJ60Y82J4MQT7RJG,Burnaby,Gregan,19/04/1990,bgreganpa@ft.com,+44 738 972 7453
01HQBJQ05DT71KDZNRB7HYQR44,Stanford,Nisard,30/09/1975,snisardpb@google.ru,+44 967 621 7902
01HQBJQ05DBZE1GECRSY4HF667,Mada,Boss,28/03/1998,mbosspc@cocolog-nifty.com,+44 712 488 1749
01HQBJQ05ESW3F0M3WJ467M8R6,Ethelyn,Glenn,17/03/1976,eglennpd@dropbox.com,+44 200 752 3677
01HQBJQ05E2VDN320S8YPZSARW,Sibley,Birtwell,19/08/2004,sbirtwellpe@facebook.com,+44 324 927 8686
01HQBJQ05FVKY2QVP7EDSCVH9J,Dirk,Danis,19/08/1976,ddanispf@google.com,+44 659 907 2482
01HQBJQ05GY7NNHVPZQ2RCX5TG,Gawen,Priddle,21/09/1964,gpriddlepg@alibaba.com,+44 153 625 3846
01HQBJQ05GEHBW7WMKMAY2M6FJ,Wilma,Gatesman,19/05/1998,wgatesmanph@altervista.org,+44 912 772 3019
01HQBJQ05JWWB3YCTW8SATCT8Q,Fremont,Siebert,06/03/1976,fsiebertpi@bing.com,+44 918 472 4240
01HQBJQ05KCECYNRV1TJVAAVYE,Regina,Dran,11/11/1978,rdranpj@wikipedia.org,+44 163 219 9925
01HQBJQ05N9WMPMG6SAHQJXZ9T,Gideon,Marvin,31/05/1991,gmarvinpk@craigslist.org,+44 958 138 9950
01HQBJQ05PXDY1B369SYNG24GB,Cherise,Cockley,18/10/1981,ccockleypl@telegraph.co.uk,+44 390 502 0642
01HQBJQ05QACSM8QRP4EKTXHQ4,Carin,Livett,23/02/1986,clivettpm@parallels.com,+44 858 348 7409
01HQBJQ05R1SB1H55X1RKHA1NJ,Danie,Edgehill,18/08/1977,dedgehillpn@vimeo.com,+44 479 525 4492
01HQBJQ05RQGTKB0SKMNTHYTXW,Manolo,Sibly,22/01/1958,msiblypo@seattletimes.com,+44 366 244 2546
01HQBJQ05TB8RM02WQFXBM1H6C,Chick,Malpass,02/05/1994,cmalpasspp@csmonitor.com,+44 752 950 6541
01HQBJQ05VZ2P7E2460KS4ERE4,Sayre,McCuffie,18/07/1972,smccuffiepq@vkontakte.ru,+44 661 134 0907
01HQBJQ05XV6SBMYSHQJMK1988,Cosetta,Fishlock,13/12/1960,cfishlockpr@quantcast.com,+44 857 130 8748
01HQBJQ05YWMA7S9D4262JR72K,Lindsey,Cassells,04/12/1965,lcassellsps@vk.com,+44 346 879 1922
01HQBJQ05ZYHTY66VZZKHSBQ2Z,Tobe,Caret,31/05/1960,tcaretpt@google.pl,+44 460 537 2215
01HQBJQ06089TMAR15DZAE424W,Lishe,Ainsworth,04/05/1960,lainsworthpu@japanpost.jp,+44 160 666 8674
01HQBJQ061V70BQV6WVPWMHSB2,Deerdre,Nashe,22/08/1990,dnashepv@latimes.com,+44 330 596 9088
01HQBJQ061ET993579BXYDNNP5,Kelsey,Goodred,06/12/1962,kgoodredpw@cam.ac.uk,+44 222 149 9582
01HQBJQ062Z9ZDNAYYQVW3MZDF,Kirbie,Eykel,27/12/1978,keykelpx@statcounter.com,+44 876 965 4160
01HQBJQ06379D5AW204ZY2AHDF,Emalee,Jorn,03/10/1963,ejornpy@comsenz.com,+44 671 927 2828
01HQBJQ063ZAASX0DJKRZ04ZGG,Emmet,Ech,17/11/1954,eechpz@deviantart.com,+44 153 419 3462
01HQBJQ064CB4FPS753Y9S40KB,Audry,Braben,08/06/1981,abrabenq0@ustream.tv,+44 210 741 4936
01HQBJQ064EG2PZW4MS2HFCFBQ,Ursala,Turbern,06/11/1966,uturbernq1@toplist.cz,+44 484 988 2501
01HQBJQ065D150N99EP8CANW0D,Moses,Croyden,26/12/1969,mcroydenq2@chicagotribune.com,+44 624 993 8248
01HQBJQ066QWCQGM1HD54KT54J,Annadiane,Bau,06/11/1998,abauq3@cisco.com,+44 417 862 3550
01HQBJQ066S04ZNV1SN9SXEQC3,Pippy,Benedicte,27/04/2005,pbenedicteq4@histats.com,+44 421 877 5269
01HQBJQ0687EQFD7XGHCNKBB6F,Leupold,Outright,04/04/1993,loutrightq5@livejournal.com,+44 604 156 3919
01HQBJQ0685T5QZ4T94M6RSRE7,Michail,Mangon,26/11/2002,mmangonq6@samsung.com,+44 984 813 9346
01HQBJQ069VN7531XM63JH24N9,Carina,Grisard,05/03/1975,cgrisardq7@google.es,+44 255 179 8599
01HQBJQ06AQBJ5HX2YVGJ0DZBE,Clevie,Rapo,03/03/1962,crapoq8@tripadvisor.com,+44 923 877 6001
01HQBJQ06BK60P8GV1WH2NK1GB,Ilise,Kington,10/11/1997,ikingtonq9@wikimedia.org,+44 907 194 8293
01HQBJQ06B56Z1DSBWMFGW6Q3Q,Lana,Anlay,12/11/1991,lanlayqa@hostgator.com,+44 507 239 1253
01HQBJQ06CSEY8E8JC4WQN0V34,Carmelita,Giovannardi,17/07/1975,cgiovannardiqb@guardian.co.uk,+44 288 342 3977
01HQBJQ06DSS95J4Q32QQ0MXSE,Pall,Inderwick,20/11/1960,pinderwickqc@google.de,+44 928 659 4767
01HQBJQ06EM38V0PEDQ9KX49X1,Noelani,Bartlett,05/02/1951,nbartlettqd@ed.gov,+44 779 281 1058
01HQBJQ06GBFXZDV3EYBTZGWVV,Cobb,Fendlen,27/08/1976,cfendlenqe@constantcontact.com,+44 503 851 6617
01HQBJQ06HM9CH3JQ418030MAH,Irwin,Skill,25/09/1974,iskillqf@whitehouse.gov,+44 230 876 5512
01HQBJQ06JX4QRSS32H12W76KH,Kania,Chater,04/04/1948,kchaterqg@taobao.com,+44 167 279 1264
01HQBJQ06M5XWY3YFA5GJH215D,Massimiliano,Loosmore,20/12/1966,mloosmoreqh@wordpress.org,+44 771 462 7594
01HQBJQ06NZRTPBWJG69GK3YSP,Benyamin,Thornhill,30/04/1997,bthornhillqi@tinypic.com,+44 477 114 0322
01HQBJQ06QNDSEZM348K1WN2KR,Randa,Imlacke,06/12/1987,rimlackeqj@360.cn,+44 146 393 8269
01HQBJQ06QRD1NPSCJ8AYGDMHD,Kassia,Stidston,17/04/1947,kstidstonqk@amazon.de,+44 963 331 7877
01HQBJQ06R6R9S2WG2E3ZYW5NK,Brendan,Mattholie,16/07/1962,bmattholieql@admin.ch,+44 461 206 4090
01HQBJQ06SPNJJYHMCQE0YTCYC,Ginni,Sutherden,27/05/1995,gsutherdenqm@163.com,+44 811 733 6155
01HQBJQ06TCFK2APYXADF7D80Z,Debby,Spennock,18/06/1947,dspennockqn@newyorker.com,+44 718 280 9244
01HQBJQ06TF53RA5EV0T54AFYB,Benito,Loxley,25/04/1946,bloxleyqo@miitbeian.gov.cn,+44 264 958 1533
01HQBJQ06VESVPSZGPKJD7QYZP,Otho,Marchent,13/10/1961,omarchentqp@dyndns.org,+44 282 344 6497
01HQBJQ06XW7AWW7R2PQGMYNP4,Reggy,Sebborn,05/03/1963,rsebbornqq@hc360.com,+44 960 737 4033
01HQBJQ06YRJMSJ4WH1WM1Y7AV,Anson,Walsh,15/03/1992,awalshqr@moonfruit.com,+44 788 997 8048
01HQBJQ06Z1NJCFWX5CPAKD1ZT,Addia,Hayer,01/05/1956,ahayerqs@meetup.com,+44 151 906 6999
01HQBJQ070PSJB52YVN5MHS115,Wade,Schrinel,09/03/1976,wschrinelqt@abc.net.au,+44 239 630 5642
01HQBJQ071734ANAZ3YQR3NFQ9,Efrem,Sorro,09/05/1985,esorroqu@freewebs.com,+44 982 773 5075
01HQBJQ07248BG6Z4XKWWG5XXS,Athene,Lilliman,24/05/1983,alillimanqv@netscape.com,+44 216 549 7933
01HQBJQ07NR4XBHWQ66B6GQT6E,Barby,Nellen,03/02/1999,bnellenqw@amazon.de,+44 430 464 8664
01HQBJQ07PRTG24HXNSHVN26VW,Averill,Bewlie,11/07/1972,abewlieqx@ustream.tv,+44 128 639 0039
01HQBJQ07QDQP46JKGQGRBPSGF,Carny,MacCallam,05/09/1967,cmaccallamqy@free.fr,+44 994 565 0805
01HQBJQ07SE2SV1B3RJ4R439JZ,Alana,Emeny,28/11/2002,aemenyqz@usnews.com,+44 637 240 2797
01HQBJQ07SXNP5K74BRC6VRBJX,Wandis,McKeveney,29/04/2005,wmckeveneyr0@spotify.com,+44 280 845 2375
01HQBJQ07TB5E0MZKDBRSVZ90K,Craggy,Bakhrushkin,01/10/2005,cbakhrushkinr1@craigslist.org,+44 167 496 8532
01HQBJQ07WQ4WYKF2K3HDVR7XN,Ardys,Sporle,24/04/1974,asporler2@loc.gov,+44 482 520 9905
01HQBJQ07W6GKGH3VD71ZTRQX2,Gratiana,Bramo,10/02/1964,gbramor3@bbc.co.uk,+44 369 436 9806
01HQBJQ07YFMAMS4E8ZP9NKM1Q,Terrye,Meckiff,23/06/1992,tmeckiffr4@sfgate.com,+44 638 617 4953
01HQBJQ07Z26P3V9KCXQ6RJ9K0,Gwendolen,McGriele,28/04/1953,gmcgrieler5@netvibes.com,+44 902 326 0570
01HQBJQ080ES05FWQG3QRE37T4,Yul,Medgewick,04/12/1986,ymedgewickr6@gmpg.org,+44 939 110 5384
01HQBJQ0802R3ASBP77VKMDH7M,Madonna,Carlucci,20/01/1991,mcarluccir7@vkontakte.ru,+44 837 268 0981
01HQBJQ081BFDX1PBCCAPVPRS6,Marcellina,Jacop,26/05/1980,mjacopr8@drupal.org,+44 359 237 8779
01HQBJQ08233MDEMEMSMKTPD1X,Gray,Buret,21/10/1957,gburetr9@dagondesign.com,+44 290 106 1322
01HQBJQ0834QHRPSYSJ5J3GHPH,Christian,Beauman,04/02/1982,cbeaumanra@domainmarket.com,+44 101 773 3160
01HQBJQ0835K8MEVW5Z7WC4S03,Thaddeus,Altham,31/08/1973,talthamrb@simplemachines.org,+44 626 445 7904
01HQBJQ085Y8D3TZ42P4SGXN6M,Farica,Mahaddie,07/12/1963,fmahaddierc@oaic.gov.au,+44 289 412 2705
01HQBJQ086EDH075MDF929857N,Claudina,Frankiewicz,12/10/1978,cfrankiewiczrd@msu.edu,+44 132 492 7953
01HQBJQ08714NV62DRCD75D0BX,Trula,Cadlock,04/10/1959,tcadlockre@elegantthemes.com,+44 894 516 6781
01HQBJQ087N7XMWP0F80CMWPAY,Lemmie,Feasby,24/05/1960,lfeasbyrf@bandcamp.com,+44 163 327 4768
01HQBJQ088DMD7HXVE6FMRP1DS,Dorothy,Foort,29/06/2005,dfoortrg@a8.net,+44 297 310 9250
01HQBJQ089PF61TQHZ95JC62Z9,Averil,Byer,24/01/1972,abyerrh@house.gov,+44 619 349 8807
01HQBJQ089BA86P4ARJRDCYDRG,Katherina,Chaloner,28/02/1949,kchalonerri@mashable.com,+44 451 424 8957
01HQBJQ08A37V740J8T54X5CCZ,Muriel,McAlarney,18/07/1950,mmcalarneyrj@indiatimes.com,+44 820 707 9339
01HQBJQ08C4G8YS1MD90B7RQJM,Ward,Bloor,23/11/2000,wbloorrk@spiegel.de,+44 654 187 3086
01HQBJQ08D6QTHKNCPVYMRJ3MJ,Christy,Santora,11/06/1994,csantorarl@shareasale.com,+44 580 470 4825
01HQBJQ08EQMJNBPBRM8NV8CBF,Cherri,Girodias,21/10/1993,cgirodiasrm@unicef.org,+44 583 945 2576
01HQBJQ08F3Y7Z386X29EHJ4G2,Gus,Gussie,04/06/1996,ggussiern@discovery.com,+44 712 554 5553
01HQBJQ08FNA811KBDTX2SW5G5,Remington,MacAirt,25/10/1985,rmacairtro@linkedin.com,+44 867 834 2094
01HQBJQ08G15VX5QQRNHNZ8SY4,Gwenni,Hiers,30/11/1957,ghiersrp@biglobe.ne.jp,+44 302 600 4213
01HQBJQ08H1RN419Y11PW25STW,Kermie,Phayre,16/07/1950,kphayrerq@fotki.com,+44 804 960 9576
01HQBJQ08JXMWYN884P53AHDG8,Nicola,Farragher,02/08/1997,nfarragherrr@netlog.com,+44 588 238 5341
